ID,Hotel Name,Location
1,,"Corfu, Greece"
2,,"Cabrera, Dominican Republic"
3,,"Ushuaia, Argentina"
4,,"Cappadocia, Turkey"
5,,"Budapest, Hungary"
6,,"Cappadocia, Turkey"
7,,"Las Vegas, Nevada, United States"
8,,"Phoenix, Arizona, United States"
9,,"Dubai, United Arab Emirates"
10,,"Milan, Italy"
11,Angsana Corfu Resort & Spa,"Truth Or Consequences, New Mexico, United States"
12,ANI Dominican Republic,"County Mayo, Ireland"
13,Arakur Ushuaia Resort & Spa,"Tinqueux, France"
14,Argos in Cappadocia,"Dubai, United Arab Emirates"
15,Aria Hotel Budapest by Library Hotel Collection,"Chantilly, France"
16,Ariana Sustainable Luxury Lodge,"Québec City, Quebec, Canada"
17,ARIA Sky Suites,"Prague, Czech Republic"
18,"Arizona Biltmore, LXR Hotels & Resorts","Rendezvous Bay, Anguilla"
19,Armani Hotel Dubai,"Austin, Texas, United States"
20,Armani Hotel Milano,"New York, New York, United States"
21,"Armendaris, A Ted Turner Reserve","St. Moritz, Switzerland"
22,Ashford Castle,"London, United Kingdom"
23,Assiette Champenoise,"Venice, Italy"
24,Atlantis The Royal Dubai,"Rome, Italy"
25,"Auberge du Jeu de Paume, Chantilly, Relais & Châteaux","Tenerife, Spain"
26,Auberge Saint-Antoine - Relais & Châteaux,"Lisbon, Portugal"
27,"Augustine, a Luxury Collection Hotel, Prague","Ballyfin, Ireland"
28,Aurora Anguilla Resort & Golf Club,"Galway, Ireland"
29,"Austin Proper Hotel & Residences, a Member of Design Hotels","Palawan, Philippines"
30,Baccarat Hotel New York,"AlUla, Saudi Arabia"
31,Badrutt's Palace Hotel,"Doha, Qatar"
32,Baglioni Hotel London,"Krabi, Thailand"
33,Baglioni Hotel Luna,"Phuket, Thailand"
34,Baglioni Hotel Regina,"Puebla, Mexico"
35,Bahia del Duque,"Koh Samui, Thailand"
36,Bairro Alto Hotel,"Fnideq, Morocco"
37,Ballyfin,"Willemstad, Curacao"
38,Ballynahinch Castle,"Yountville, California, United States"
39,Banwa Private Island,"Les Baux-de-Provence, France"
40,Banyan Tree AlUla,"Zurich, Switzerland"
41,Banyan Tree Doha,"Boca Raton, Florida, United States"
42,Banyan Tree Krabi,"Providenciales, Turks And Caicos Islands"
43,Banyan Tree Phuket,"San Diego, California, United States"
44,Banyan Tree Puebla,"Geneva, Switzerland"
45,Banyan Tree Samui,"Lausanne, Switzerland"
46,Banyan Tree Tamouda Bay,"Leatherhead, United Kingdom"
47,Baoase Luxury Resort,"Beijing, China"
48,Bardessono Hotel & Spa,"Portimao, Portugal"
49,Baumanière Les Baux-de-Provence,"Las Vegas, Nevada, United States"
50,Baur au Lac,"Hongkou, China"
51,Beach Club at The Boca Raton,"Bern, Switzerland"
52,Beach Enclave,"Mykonos, Greece"
53,"Beach Village at The Del, LXR Hotels & Resorts","Mizpe Ramon, Israel"
54,"Beau-Rivage, Geneva","Carmel Valley, California, United States"
55,Beau-Rivage Palace,"Beverly Hills, California, United States"
56,Beaverbrook,"Munich, Germany"
57,Beijing Hotel NUO,"Mykonos, Greece"
58,Bela Vista Hotel & Spa,"Hermanus, South Africa"
59,Bellagio,"Toronto, Ontario, Canada"
60,Bellagio by MGM Shanghai,"Santa Fe, New Mexico, United States"
61,Bellevue Palace,"Ibiza, Spain"
62,Belvedere Hotel Mykonos,"Perugia, Italy"
63,Beresheet,"Savelletri, Italy"
64,"Bernardus Lodge & Spa, Carmel Valley","Volterra, Italy"
65,"Beverly Wilshire, Beverly Hills (A Four Seasons Hotel)","Castelnuovo Berardenga, Italy"
66,BEYOND by Geisel,"Amalfi, Italy"
67,Bill and Coo Hotels Mykonos,"Siena, Italy"
68,Birkenhead House,"Boston, Massachusetts, United States"
69,Bisha Hotel Toronto,"Campos Do Jordao, Brazil"
70,"Bishop's Lodge, Auberge Resorts Collection","Mali Losinj, Croatia"
71,Bless Hotel Ibiza,"Fort Worth, Texas, United States"
72,Borgo dei Conti Resort,"Dusseldorf, Germany"
73,Borgo Egnazia,"Baden- Baden , Germany"
74,Borgo Pignano Tuscany,"Panama City, Panama"
75,Borgo San Felice Resort,"Trondheim, Norway"
76,Borgo Santandrea,"London, United Kingdom"
77,Borgo Santo Pietro,"Florence, Italy"
78,Boston Harbor Hotel,"Ubud, Indonesia"
79,Botanique Hotel Experience,"Boca Raton, Florida, United States"
80,Boutique Hotel Alhambra,"Buergenstock, Switzerland"
81,"Bowie House, Auberge Resorts Collection","Beijing, China"
82,Breidenbacher Hof,"London, United Kingdom"
83,"Brenners Park-Hotel & Spa, Oetker Collection","Milan, Italy"
84,Bristol Panama,"Paris, France"
85,Britannia Hotel,"Rome, Italy"
86,"Brown's Hotel, a Rocco Forte Hotel","Shanghai, China"
87,Brunelleschi Hotel,"Tokyo, Japan"
88,"Buahan, A Banyan Tree Escape","Bali, Indonesia"
89,Bungalows at The Boca Raton,"Dubai, United Arab Emirates"
90,Burgenstock Hotel and Alpine Spa - The Contemporary,"Capri, Italy"
91,Bvlgari Hotel Beijing,"Saint George, Grenada"
92,Bvlgari Hotel London,"Ixtapa, Mexico"
93,Bvlgari Hotel Milano,"Teton Village, Wyoming, United States"
94,Bvlgari Hotel Paris,"Mykonos, Greece"
95,Bvlgari Hotel Roma,"Scotland, United Kingdom"
96,Bvlgari Hotel Shanghai,"Santorini, Greece"
97,Bvlgari Hotel Tokyo,"Santorini, Greece"
98,Bvlgari Resort Bali,"Santorini, Greece"
99,Bvlgari Resort Dubai,"Oía, Greece"
100,Caesar Augustus Relais & Chateaux,"Koh Samui, Thailand"
101,Calabash Hotel,"Cape Town, South Africa"
102,Cala de Mar Resort & Spa Ixtapa,"Bangkok, Thailand"
103,Caldera House,"Hanoi, Vietnam"
104,Cali Mykonos,"Shanghai, China"
105,Cameron House on Loch Lomond,"Singapore, Singapore"
106,Canaves Ena,"Sydney, Australia"
107,Canaves Epitome,"Sanya, China"
108,Canaves Oia Suites,"Bonnieux, France"
109,Canaves Sunday,"Éze, France"
110,Cape Fahn Hotel,"British West Indies, Anguilla"
111,"Cape Grace, A Fairmont Managed Hotel","Gros Islet, Saint Lucia"
112,Capella Bangkok,"Capri, Italy"
113,Capella Hanoi,"Majorca, Spain"
114,Capella Shanghai Jian Ye Li,"Majorca, Spain"
115,Capella Singapore,"Miami Beach, Florida, United States"
116,Capella Sydney,"St. Mary's, Antigua And Barbuda"
117,Capella Tufu Bay,"Cannes, France"
118,Capelongue,"St. Moritz, Switzerland"
119,Cap Estel,"Ceará, Brazil"
120,"Cap Juluca, A Belmond Hotel, Anguilla","Carmel, California, United States"
121,Cap Maison Resort & Spa,"Napa, California, United States"
122,Capri Tiberio Palace,"Maynooth, Ireland"
123,Cap Rocat,"Ravello, Italy"
124,Cap Vermell Grand Hotel,"Praiano, Italy"
125,Carillon Miami Wellness Resort,"Milan, Italy"
126,Carlisle Bay,"New York, New York, United States"
127,Carlton Cannes,"La Romana, Dominican Republic"
128,Carlton Hotel St. Moritz,"Porto-Vecchio, France"
129,Carmel Charme Resort,"San Miguel De Allende, Mexico"
130,Carmel Valley Ranch,"Tunuyán, Argentina"
131,Carneros Resort and Spa,"Cerretto Langhe, Italy"
132,"Carton House, A Fairmont Managed Hotel","Quito, Ecuador"
133,"Caruso, A Belmond Hotel, Amalfi Coast","Venice, Italy"
134,Casa Angelina,"Pebble Beach, California, United States"
135,Casa Cipriani Milano,"Mexico City, Mexico"
136,Casa Cipriani New York,"Cartagena, Colombia"
137,Casa de Campo Resort & Villas,"Armacao de Buzios, Brazil"
138,Casadelmar,"Montaione, Italy"
139,"Casa de Sierra Nevada, A Belmond Hotel, San Miguel de Allende","Merano, Italy"
140,Casa de Uco Vineyards & Wine Resort,"Montalcino, Italy"
141,Casa di Langa,"Ascona, Switzerland"
142,Casa Gangotena,"Casole D'elsa, Italy"
143,Ca' Sagredo Hotel,"Montalcino, Italy"
144,Casa Palmero at Pebble Beach Resorts,"Cinigiano, Italy"
145,Casa Polanco,"Castelnuovo Berardenga, Italy"
146,Casa San Agustin,"Morristown, Arizona, United States"
147,Casas Brancas Boutique Hotel & Spa,"Cork, Ireland"
148,Castelfalfi,"Sausalito, California, United States"
149,Castel Fragsburg,"Zermatt, Switzerland"
150,Castello Banfi - Il Borgo,"Playa del Carmen, Mexico"
151,Castello del Sole,"Beijing, China"
152,"Castello di Casole, A Belmond Hotel, Tuscany","Audrieu, France"
153,"Castello di Velona Resort, Thermal SPA & Winery","Lorgues, France"
154,Castello di Vicarello,"Le Puy-Sainte-Réparade, France"
155,Castel Monastero,"Conflans-sur-anille, France"
156,Castle Hot Springs,"Éze, France"
157,Castlemartyr Resort,"St. Tropez, France"
158,Cavallo Point – the Lodge at Golden Gate,"Éze, France"
159,CERVO Mountain Resort,"Port-en-bessin, France"
160,Chablé Maroma,"Vence, France"
161,CHAO Sanlitun Beijing,"Chatham, Massachusetts, United States"
162,Chateau d'Audrieu,"Weggis, Switzerland"
163,Chateau de Berne,"Courchevel, France"
164,Chateau de Fonscolombe,"Paris, France"
165,Chateau de La Barre,"Randheli, Maldives"
166,Chateau de la Chevre d'Or,"Saint Barthelemy, Saint Barthélemy"
167,Chateau de la Messardiere,"St. Tropez, France"
168,Chateau Eza,"Edinburgh, Scotland, United Kingdom"
169,Chateau La Cheneviere,"New Milton, United Kingdom"
170,"Chateau Saint-Martin & Spa, Oetker Collection","Cabo San Lucas, Mexico"
171,Chatham Bars Inn,"Sainte-sabine, France"
172,Chenot Palace Weggis,"Marfa, Texas, United States"
173,Cheval Blanc Courchevel,"Istanbul, Turkey"
174,Cheval Blanc Paris,"Berkeley, California, United States"
175,"Cheval Blanc Randheli, Maldives","London, United Kingdom"
176,Cheval Blanc St-Barth,"Cape Neddick, Maine, United States"
177,Cheval Blanc St-Tropez,"Montreux, Switzerland"
178,Cheval The Edinburgh Grand,"West Berkshire, United Kingdom"
179,Chewton Glen,"Boca Raton, Florida, United States"
180,"Chileno Bay Resort & Residences, Auberge Resorts Collection","Speightstown, Barbados"
181,Château Sainte Sabine,"Austin, Texas, United States"
182,Cibolo Creek Ranch,"Tavarnelle Val Di Pesa, Italy"
183,Ciragan Palace Kempinski Istanbul,"Laucala Island, Fiji"
184,"Claremont Club & Spa, a Fairmont Hotel","Guraidhoo,Thaa Atoll, Maldives"
185,"Claridge's, London","Parrot Cay, Turks And Caicos Islands"
186,Cliff House Maine,"Perth, Australia"
187,Clinique La Prairie,"Paro, Bhutan"
188,Cliveden House Hotel,"San Juan, Puerto Rico"
189,Cloister at The Boca Raton,"Almancil, Portugal"
190,Cobblers Cove,"Bora Bora, French Polynesia"
191,"Commodore Perry Estate, Auberge Resorts Collection","Domus De Maria, Italy"
192,COMO Castello del Nero,"Dublin, Ireland"
193,COMO Laucala Island,"Fort Lauderdale, Florida, United States"
194,COMO Maalifushi,"Los Angeles, California, United States"
195,"COMO Parrot Cay, Turks and Caicos","Ari Atoll, Maldives"
196,"COMO The Treasury, Perth","Nashville, Tennessee, United States"
197,"COMO Uma, Bhutan","Orlando, Florida, United States"
198,Condado Vanderbilt Hotel,"Osaka, Japan"
199,Conrad Algarve,"Punta Mita, Mexico"
200,Conrad Bora Bora Nui,"Seoul, South Korea"
201,Conrad Chia Laguna Sardinia,"Tokyo, Japan"
202,Conrad Dublin,"Tulum, Mexico"
203,Conrad Fort Lauderdale Beach,"Washington, District of Columbia, United States"
204,Conrad Los Angeles,"Amsterdam, Netherlands"
205,Conrad Maldives Rangali Island,"Florence, Italy"
206,Conrad Nashville,"Évora, Portugal"
207,Conrad Orlando,"Rio De Janeiro, Brazil"
208,Conrad Osaka,"Gargas, France"
209,Conrad Punta de Mita,"Harbour Island, Bahamas"
210,Conrad Seoul,"London, United Kingdom"
211,Conrad Tokyo,"Lima, Peru"
212,Conrad Tulum Riviera Maya,"Lyon, France"
213,"Conrad Washington, DC","Paris, France"
214,Conservatorium Hotel Amsterdam,"Las Vegas, Nevada, United States"
215,Continentale,"Kinbuck, United Kingdom"
216,Convento do Espinheiro Hotel,"Glasgow, United Kingdom"
217,"Copacabana Palace, A Belmond Hotel, Rio de Janeiro","Melbourne, Australia"
218,Coquillade Provence,"Perth, Australia"
219,Coral Sands,"Sydney, Australia"
220,Corinthia London,"Belfast, Ireland"
221,Country Club Lima Hotel,"St. John’s, Antigua And Barbuda"
222,Cour des Loges,"Agios Nikolaos, Greece"
223,"Cour des Vosges, Evok Collection","Tel Aviv, Israel"
224,"Crockfords Las Vegas, LXR Hotels & Resorts at Resorts World","Jerusalem, Israel"
225,Cromlix,"Tel Aviv, Israel"
226,Crossbasket Castle,"Greenwich, Connecticut, United States"
227,Crown Towers Melbourne,"West Hartford, Connecticut, United States"
228,Crown Towers Perth,"Amsterdam, Netherlands"
229,Crown Towers Sydney,"Mykonos, Greece"
230,Culloden Estate and Spa,"Florence, Italy"
231,Curtain Bluff Resort,"Mugla, Turkey"
232,Daios Cove,"Les Baux-de-Provence, France"
233,Dan Tel Aviv,"Guainville, France"
234,David Citadel Jerusalem,"Massignac, France"
235,David InterContinental Tel Aviv,"Montpellier, France"
236,Delamar Greenwich Harbor,"Reims, France"
237,Delamar West Hartford,"Corfu, Greece"
238,De L'Europe Amsterdam,"Chaniá, Greece"
239,Deos Mykonos - A Virtuoso Preview Property,"Dorado, Puerto Rico"
240,Dimora Ghirlandaio,"County Clare, Ireland"
241,D Maris Bay,"Verona, Italy"
242,Domaine de Manville,"Dhulikhel, Nepal"
243,Domaine de Primard,"Ouranoupoli, Greece"
244,"Domaine des Etangs, Auberge Resorts Collection","Miami, Florida, United States"
245,Domaine de Verchant,"Manalapan, Florida, United States"
246,Domaine les Crayères,"Gardone Riviera, Italy"
247,"Domes Miramare, a Luxury Collection Resort, Corfu","Punta Cana, Dominican Republic"
248,"Domes Zeen, A Luxury Collection Resort, Chania","Saint Barthelemy, Saint Barthélemy"
249,"Dorado Beach, a Ritz-Carlton Reserve","Stateline, Nevada, United States"
250,Dromoland Castle,"Queenstown, New Zealand"
251,Due Torri Hotel,"Santa Barbara, California, United States"
252,Dwarika's Resort,"Olafsfjördur, Iceland"
253,Eagles Villas,"Cotswolds, United Kingdom"
254,EAST Miami,"Cape Town, South Africa"
255,Eau Palm Beach Resort and Spa,"Elounda, Greece"
256,Eden Reserve Hotel & Villas,"Rio De Janeiro, Brazil"
257,Eden Roc Cap Cana,"Sao Paulo, Brazil"
258,"Eden Rock - St Barths, Oetker Collection","Abu Dhabi, United Arab Emirates"
259,Edgewood Tahoe Resort,"South Brisbane, Australia"
260,Eichardt's Private Hotel,"Sedona, Arizona, United States"
261,"El Encanto, A Belmond Hotel, Santa Barbara","New York, New York, United States"
262,Eleven Deplar Farm,"Honolulu, Hawaii, United States"
263,Ellenborough Park,"Cabo San Lucas, Mexico"
264,Ellerman House,"Zagreb, Croatia"
265,Elounda Gulf Villas,"Paris, France"
266,Emiliano Rio,"José Ignacio, Uruguay"
267,Emiliano Sao Paulo,"Eynsham, United Kingdom"
268,"Emirates Palace Mandarin Oriental, Abu Dhabi","Riviera Maya, Mexico"
269,Emporium Hotel South Bank,"Cologne, Germany"
270,Enchantment Resort,"Milan, Italy"
271,"Equinox Hotel, New York City","Rapallo, Italy"
272,ESPACIO The Jewel of Waikiki,"El Chaltén, Argentina"
273,"Esperanza, Auberge Resorts Collection","Cochrane, Chile"
274,Esplanade Zagreb Hotel,"Uyuni, Bolivia"
275,Esprit Saint Germain,"Urubamba, Peru"
276,Estancia Vik Jose Ignacio,"Buenos Aires, Argentina"
277,Estelle Manor,"Miami Beach, Florida, United States"
278,"Etéreo, Auberge Resorts Collection","New York, New York, United States"
279,Excelsior Hotel Ernst,"Johannesburg, South Africa"
280,"Excelsior Hotel Gallia, A Luxury Collection Hotel, Milan","Austin, Texas, United States"
281,Excelsior Palace Portofino Coast,"Los Angeles, California, United States"
282,Explora El Chaltén,"Boston, Massachusetts, United States"
283,Explora Patagonia National Park,"Doha, Qatar"
284,Explora Uyuni,"Carolina, Puerto Rico"
285,Explora Valle Sagrado,"Victoria, British Columbia, Canada"
286,Faena Hotel Buenos Aires,"San Diego, California, United States"
287,Faena Miami Beach,"Playa del Carmen, Mexico"
288,Faena New York - A Virtuoso Preview Property,"Hamburg, Germany"
289,Fairlawns Boutique Hotel & Spa,"Jasper, Alberta, Canada"
290,Fairmont Austin,"Wailea, Hawaii, United States"
291,Fairmont Century Plaza,"Québec City, Quebec, Canada"
292,Fairmont Copley Plaza,"Montreux, Switzerland"
293,Fairmont Doha,"Santa Monica, California, United States"
294,Fairmont El San Juan Hotel,"Nanyuki, Kenya"
295,Fairmont Empress,"Kohala Coast, Hawaii, United States"
296,Fairmont Grand Del Mar,"Vancouver, British Columbia, Canada"
297,Fairmont Heritage Place Mayakoba,"Shanghai, China"
298,Fairmont Hotel Vier Jahreszeiten Hamburg,"Marrakech, Morocco"
299,Fairmont Jasper Park Lodge,"Porters, Barbados"
300,Fairmont Kea Lani,"Toronto, Ontario, Canada"
301,Fairmont Le Château Frontenac,"San Francisco, California, United States"
302,Fairmont Le Montreux Palace,"Scottsdale, Arizona, United States"
303,Fairmont Miramar Hotel & Bungalows,"Singapore, Singapore"
304,Fairmont Mount Kenya Safari Club,"Southampton, Bermuda"
305,Fairmont Orchid,"Saint Andrews, United Kingdom"
306,Fairmont Pacific Rim,"Tangier, Morocco"
307,"Fairmont Peace Hotel, Shanghai","Nairobi, Kenya"
308,Fairmont Royal Palm Marrakech,"Montreal, Quebec, Canada"
309,Fairmont Royal Pavilion,"Mont-tremblant, Quebec, Canada"
310,Fairmont Royal York,"Vancouver, British Columbia, Canada"
311,Fairmont San Francisco,"Sonoma, California, United States"
312,Fairmont Scottsdale Princess,"La Barra, Uruguay"
313,Fairmont Singapore South Tower,"Honfleur, France"
314,Fairmont Southampton,"Casares, Spain"
315,Fairmont St Andrews,"Joe Batt's Arm, Newfoundland and Labrador, Canada"
316,Fairmont Tazi Palace Tangier,"Cagliari, Italy"
317,Fairmont The Norfolk,"Athens, Vouliagmeni, Greece"
318,Fairmont The Queen Elizabeth,"Surfside, Florida, United States"
319,Fairmont Tremblant,"Austin, Texas, United States"
320,Fairmont Waterfront,"Bangkok, Thailand"
321,Farmhouse Inn,"Beijing, China"
322,Fasano Punta del Este,"Buenos Aires, Argentina"
323,Ferme Saint Simeon,"Cairo, Egypt"
324,"Finca Cortesin Hotel, Golf, Spa & Villas","Cairo, Egypt"
325,Fogo Island Inn,"Chicago, Illinois, United States"
326,"Forte Village Hotel Castello, Sardinia","Geneva, Switzerland"
327,Four Seasons Astir Palace Hotel Athens,"Florence, Italy"
328,Four Seasons Hotel at The Surf Club,"Paris, France"
329,Four Seasons Hotel Austin,"Budapest, Hungary"
330,Four Seasons Hotel Bangkok,"Hangzhou, China"
331,Four Seasons Hotel Beijing,"Hong Kong, China"
332,Four Seasons Hotel Buenos Aires,"Istanbul, Turkey"
333,Four Seasons Hotel Cairo at Nile Plaza,"Kyoto, Japan"
334,"Four Seasons Hotel Cairo, at The First Residence","London, United Kingdom"
335,Four Seasons Hotel Chicago,"Los Angeles, California, United States"
336,Four Seasons Hotel des Bergues,"Madrid, Spain"
337,Four Seasons Hotel Firenze,"Megève, France"
338,Four Seasons Hotel George V,"Mexico City, Mexico"
339,Four Seasons Hotel Gresham Palace Budapest,"Miami, Florida, United States"
340,Four Seasons Hotel Hangzhou at West Lake,"Milan, Italy"
341,Four Seasons Hotel Hong Kong,"Montreal, Quebec, Canada"
342,Four Seasons Hotel Istanbul at the Bosphorus,"Nashville, Tennessee, United States"
343,Four Seasons Hotel Kyoto,"New Orleans, Louisiana, United States"
344,Four Seasons Hotel London at Park Lane,"New York, New York, United States"
345,Four Seasons Hotel Los Angeles at Beverly Hills,"New York, New York, United States"
346,Four Seasons Hotel Madrid,"Boston, Massachusetts, United States"
347,Four Seasons Hotel Megeve,"Philadelphia, Pennsylvania, United States"
348,"Four Seasons Hotel, Mexico City","Prague, Czech Republic"
349,Four Seasons Hotel Miami,"Lisbon, Portugal"
350,Four Seasons Hotel Milano,"San Francisco, California, United States"
351,Four Seasons Hotel Montreal,"San Francisco, California, United States"
352,Four Seasons Hotel Nashville,"Sydney, Australia"
353,Four Seasons Hotel New Orleans,"Toronto, Ontario, Canada"
354,Four Seasons Hotel New York,"Westlake Village, California, United States"
355,Four Seasons Hotel New York Downtown,"West End, Anguilla"
356,"Four Seasons Hotel One Dalton Street, Boston","La Ribera, Mexico"
357,Four Seasons Hotel Philadelphia at Comcast Center,"Calistoga, California, United States"
358,Four Seasons Hotel Prague,"Denpasar, Indonesia"
359,Four Seasons Hotel Ritz Lisbon,"Gianyar, Indonesia"
360,Four Seasons Hotel San Francisco,"Bora Bora, French Polynesia"
361,Four Seasons Hotel San Francisco at Embarcadero,"Kailua Kona, Hawaii, United States"
362,Four Seasons Hotel Sydney,"Teton Village, Wyoming, United States"
363,Four Seasons Hotel Toronto,"Lanai City, Hawaii, United States"
364,Four Seasons Hotel Westlake Village,"Landaa Giraavaru, Maldives"
365,Four Seasons Resort and Residences Anguilla,"Wailea, Hawaii, United States"
366,Four Seasons Resort and Residences Los Cabos at Costa Palmas,"Kapolei, Hawaii, United States"
367,Four Seasons Resort and Residences Napa Valley,"Lake Buena Vista, Florida, United States"
368,Four Seasons Resort Bali at Jimbaran Bay,"Liberia, Costa Rica"
369,Four Seasons Resort Bali at Sayan,"Punta Mita, Mexico"
370,Four Seasons Resort Bora Bora,"Santa Fe, New Mexico, United States"
371,Four Seasons Resort Hualalai,"Scottsdale, Arizona, United States"
372,Four Seasons Resort Jackson Hole,"La Huerta, Mexico"
373,Four Seasons Resort Lana'i,"Hoi An, Vietnam"
374,Four Seasons Resort Maldives at Landaa Giraavaru,"Vail, Colorado, United States"
375,Four Seasons Resort Maui at Wailea,"Whistler, British Columbia, Canada"
376,Four Seasons Resort Oahu at Ko Olina,"Fox Harbour, Nova Scotia, Canada"
377,Four Seasons Resort Orlando at Walt Disney World Resort,"New York, New York, United States"
378,"Four Seasons Resort Peninsula Papagayo, Costa Rica","Ortisei, Italy"
379,Four Seasons Resort Punta Mita,"Gateway, Colorado, United States"
380,Four Seasons Resort Rancho Encantado Santa Fe,"Male, Maldives"
381,Four Seasons Resort Scottsdale at Troon North,"Ballantrae, Scotland, United Kingdom"
382,Four Seasons Resort Tamarindo,"Auchterarder, Perthshire, Scotland, United Kingdom"
383,"Four Seasons Resort The Nam Hai, Hoi An, Vietnam","Edinburgh, Scotland, United Kingdom"
384,Four Seasons Resort Vail,"Galway, Ireland"
385,Four Seasons Resort Whistler,"St. Mary, Jamaica"
386,Fox Harb'r Resort,"Providenciales, Turks And Caicos Islands"
387,Gansevoort Meatpacking,"Santorini, Greece"
388,Gardena Grodnerhof - Hotel & Spa,"Saint-Jean-Cap-Ferrat, France"
389,Gateway Canyons Resort,"Siena, Italy"
390,"Gili Lankanfushi, Maldives","St. Moritz, Switzerland"
391,Glenapp Castle,"Paris, France"
392,"Gleneagles, Scotland","Sorrento, Italy"
393,Gleneagles Townhouse,"Gardone Riviera, Italy"
394,Glenlo Abbey Hotel & Estate,"Riga, Latvia"
395,GoldenEye,"Basel, Switzerland"
396,"Grace Bay Club, Turks & Caicos","Bologna, Italy"
397,"Grace Hotel Santorini, Auberge Resorts Collection","Santa Margherita Ligure, Italy"
398,"Grand-Hotel du Cap-Ferrat, A Four Seasons Hotel","Naples, Italy"
399,Grand Hotel Continental Siena,"Porto Venere, Italy"
400,Grand Hotel des Bains Kempinski St Moritz,"Viareggio, Italy"
401,Grand Hotel du Palais Royal,"Majorca, Spain"
402,Grand Hotel Excelsior Vittoria,"Stockholm, Sweden"
403,Grand Hotel Fasano,"Taormina, Italy"
404,Grand Hotel Kempinski Riga,"Tremezzina - Lake Como, Italy"
405,Grand Hotel Les Trois Rois,"Menaggio, Italy"
406,Grand Hotel Majestic Gia’ Baglioni,"Zermatt, Switzerland"
407,Grand Hotel Miramare,"Indian Wells, California, United States"
408,Grand Hotel Parker's,"Koloa, Hawaii, United States"
409,Grand Hotel Portovenere,"Rio De Janeiro, Brazil"
410,Grand Hotel Principe di Piemonte,"Tokyo, Japan"
411,"Grand Hotel Son Net, Mallorca","Vail, Colorado, United States"
412,Grand Hotel Stockholm,"Rovinj, Croatia"
413,"Grand Hotel Timeo, A Belmond Hotel, Taormina","Paris, France"
414,Grand Hotel Tremezzo,"Bad Ragaz, Switzerland"
415,Grand Hotel Victoria Concept & Spa,"Cabo San Lucas, Mexico"
416,Grand Hotel Zermatterhof,"Cabo San Lucas, Mexico"
417,Grand Hyatt Indian Wells Resort & Villas,"Playa del Carmen, Mexico"
418,Grand Hyatt Kauai Resort and Spa,"Nuevo Vallarta, Mexico"
419,Grand Hyatt Rio de Janeiro,"Wailea, Hawaii, United States"
420,Grand Hyatt Tokyo,"Málaga, Spain"
421,Grand Hyatt Vail,"Ripon, United Kingdom"
422,Grand Park Hotel Rovinj,"Egham, United Kingdom"
423,Grand Powers Paris,"Gullane, United Kingdom"
424,Grand Resort Bad Ragaz,"Gstaad, Switzerland"
425,Grand Velas Boutique Hotel Los Cabos,"Perez Zeledon, Costa Rica"
426,Grand Velas Los Cabos,"Merida, Mexico"
427,Grand Velas Riviera Maya,"Cabarita Beach, Australia"
428,Grand Velas Riviera Nayarit,"Honolulu, Hawaii, United States"
429,"Grand Wailea, A Waldorf Astoria Resort","Okinawa, Japan"
430,Gran Hotel Miramar,"Montego Bay, Jamaica"
431,Grantley Hall,"Hamilton, Bermuda"
432,Great Fosters,"Saint Philips, Antigua And Barbuda"
433,Greywalls Hotel & Chez Roux,"Edgartown, Massachusetts, United States"
434,Gstaad Palace,"Cork City, Ireland"
435,"Hacienda AltaGracia, Auberge Resorts Collection","Hook, United Kingdom"
436,"Hacienda Xcanatun, Angsana Heritage Collection","Florence, Italy"
437,Halcyon House,"Nairobi, Kenya"
438,Halekulani,"Beja, Portugal"
439,Halekulani Okinawa,"Jennings, Antigua And Barbuda"
440,"Half Moon, Jamaica","Breuil-cervinia, Italy"
441,"Hamilton Princess & Beach Club, A Fairmont Managed Hotel","Kennebunkport, Maine, United States"
442,Hammock Cove Antigua,"Córdoba, Spain"
443,Harbor View Hotel,"Granada, Spain"
444,Hayfield Manor Hotel,"Levernois, France"
445,Heckfield Place,"Seattle, Washington, United States"
446,Helvetia & Bristol Firenze,"Berlin, Germany"
447,Hemingways Nairobi,"Seville, Spain"
448,Herdade da Malhadinha Nova,"Brussels, Belgium"
449,Hermitage Bay,"Barcelona, Spain"
450,Hermitage Hotel & Spa,"New York, New York, United States"
451,Hidden Pond,"Paris, France"
452,Hospes Palacio del Bailio,"Deauville, France"
453,Hospes Palacio de Los Patos,"Courchevel, France"
454,Hostellerie de Levernois,"Munich, Germany"
455,"Hotel 1000, LXR Hotels & Resorts","Antibes, France"
456,Hotel Adlon Kempinski Berlin,"Charleston, South Carolina, United States"
457,"Hotel Alfonso XIII, a Luxury Collection Hotel, Seville","Puerto Plata, Dominican Republic"
458,"Hotel Amigo, a Rocco Forte hotel","Vienna, Austria"
459,Hotel Arts Barcelona,"Warsaw, Poland"
460,Hotel Barriere Fouquet's New York,"St. Tropez, France"
461,Hotel Barriere Fouquet's Paris,"Forte Dei Marmi, Italy"
462,Hotel Barriere Le Normandy Deauville,"London, United Kingdom"
463,Hotel Barriere Les Neiges,"Porto Cervo, Italy"
464,Hotel Bayerischer Hof,"Santa Barbara, California, United States"
465,Hotel Belles Rives,"Caldas De Malavella, Spain"
466,Hotel Bennett,"Santa Monica, California, United States"
467,Hotel Boutique Casa Colonial Beach & Spa,"Perugia, Italy"
468,"Hotel Bristol, a Luxury Collection Hotel, Vienna","Cognac, France"
469,"Hotel Bristol, a Luxury Collection Hotel, Warsaw","Saint Barthelemy, Saint Barthélemy"
470,Hotel Byblos St. Tropez,"Venice, Italy"
471,Hotel Byron,"Seville, Spain"
472,"Hotel Café Royal, London","Oslo, Norway"
473,"Hotel Cala di Volpe, a Luxury Collection Hotel, Costa Smeralda","Dallas, Texas, United States"
474,Hotel Californian,"Crillon-le-brave, France"
475,Hotel Camiral at Camiral Golf & Wellness,"Copenhagen, Denmark"
476,Hotel Casa del Mar,"Geneva, Switzerland"
477,Hotel Castello di Reschio,"Venice, Italy"
478,Hotel Chais Monnet & Spa,"Paris, France"
479,Hotel Christopher Saint-Barth,"Carcassonne, France"
480,"Hotel Cipriani, A Belmond Hotel, Venice","Rome, Italy"
481,"Hotel Colón, a Gran Meliá Hotel","San Diego, California, United States"
482,Hotel Continental Oslo,"Guayaquil, Ecuador"
483,Hotel Crescent Court,"Monte-Carlo, Monaco"
484,Hotel Crillon le Brave,"Berlin, Germany"
485,Hotel d'Angleterre,"Rome, Italy"
486,Hotel d'Angleterre Geneva,"Saint-martin-de-ré, France"
487,"Hotel Danieli, Venice","Biarritz, France"
488,"Hotel de Crillon, A Rosewood Hotel","Ascona, Switzerland"
489,Hotel de la Cité Carcassonne – MGallery Collection,"Old San Juan, Puerto Rico"
490,"Hotel de la Ville, a Rocco Forte Hotel","Barcelona, Spain"
491,Hotel del Coronado,"San Antonio, Texas, United States"
492,Hotel del Parque,"Playa del Carmen, Mexico"
493,Hotel de Paris Monte-Carlo,"Rio de Janeiro, Brazil"
494,"Hotel de Rome, a Rocco Forte hotel","Angra Dos Reis, Brazil"
495,"Hotel de Russie, a Rocco Forte Hotel","Pôrto Feliz, Brazil"
496,Hotel de Toiras,"Rio De Janeiro, Brazil"
497,Hotel du Palais,"Salvador Bahia, Brazil"
498,Hotel Eden Roc,"Sao Paulo, Brazil"
499,Hotel El Convento,"Sao Paulo, Brazil"
500,Hotel El Palace Barcelona,"Trancoso, Brazil"
501,Hotel Emma,"Salzburg, Austria"
502,Hotel Esencia,"Athens, Greece"
503,Hotel Fairmont Rio de Janeiro Copacabana,"Rome, Italy"
504,Hotel Fasano Angra dos Reis,"Monte-Carlo, Monaco"
505,Hotel Fasano Boa Vista,"Porto Ercole, Italy"
506,Hotel Fasano Rio de Janeiro,"Vienna, Austria"
507,Hotel Fasano Salvador,"Jackson, Wyoming, United States"
508,Hotel Fasano Sao Paulo,"Aspen, Colorado, United States"
509,Hotel Fasano Sao Paulo Itaim,"Helsinki, Finland"
510,Hotel Fasano Trancoso,"Panama City, Panama"
511,"Hotel Goldener Hirsch, a Luxury Collection Hotel, Salzburg","Capri, Italy"
512,"Hotel Grande Bretagne, a Luxury Collection Hotel, Athens","Corvara In Badia, Italy"
513,Hotel Hassler,"Castelnuovo Berardenga, Italy"
514,Hotel Hermitage Monte-Carlo,"Courchevel, France"
515,Hotel Il Pellicano,"Saint Barthelemy, Saint Barthélemy"
516,"Hotel Imperial, a Luxury Collection Hotel, Vienna","Florence, Italy"
517,Hotel Jackson,"Paris, France"
518,"Hotel Jerome, Auberge Resorts Collection","San Sebastian, Spain"
519,Hotel Kamp,"Elciego, Spain"
520,Hotel La Compañia,"Cannes, France"
521,"Hotel La Palma - Capri, Oetker Collection","Monte-Carlo, Monaco"
522,Hotel La Perla,"Rovinj, Croatia"
523,Hotel Le Fontanelle,"Tokyo, Japan"
524,Hotel Le K2 Palace,"Porto Cervo, Italy"
525,Hotel Le Toiny,"Viareggio, Italy"
526,Hotel Lungarno,"Guanacaste, Costa Rica"
527,Hotel Madame Rêve,"Évian-les-bains, France"
528,"Hotel Maria Cristina, a Luxury Collection Hotel, San Sebastian","Saint-Jean-Cap-Ferrat, France"
529,"Hotel Marques de Riscal, a Luxury Collection Hotel, Elciego","Salzburg, Austria"
530,Hotel Martinez,"Vienna, Austria"
531,Hotel Metropole Monte-Carlo,"Copenhagen, Denmark"
532,Hotel Monte Mulini,"Amalfi, Italy"
533,Hotel New Otani Tokyo EXECUTIVE HOUSE ZEN,"Florence, Italy"
534,Hotel Pitrizza,"Bern, Switzerland"
535,Hotel Plaza e de Russie,"Tequila, Mexico"
536,"Hotel Punta Islita, Autograph Collection","Lugano, Switzerland"
537,Hotel Royal - Evian Resort,"Paris, France"
538,Hotel Royal Riviera,"Dallas, Texas, United States"
539,Hotel Sacher Salzburg,"Dresden, Germany"
540,Hotel Sacher Wien Vienna,"Kyoto, Japan"
541,Hotel Sanders,"Baiersbronn, Germany"
542,Hotel Santa Caterina,"Amsterdam, Netherlands"
543,"Hotel Savoy, a Rocco Forte Hotel","Sao Paulo, Brazil"
544,Hotel Schweizerhof Bern & Spa,"Munich, Germany"
545,Hotel Solar De Las Animas,"Salta, Argentina"
546,Hotel Splendide Royal Lugano,"Gustavia, Saint Barthélemy"
547,Hotel Splendide Royal Paris,"Cannes, France"
548,Hotel Swexan,"St. Tropez, France"
549,Hotel Taschenbergpalais Kempinski Dresden,"Palm Beach, Aruba"
550,"HOTEL THE MITSUI KYOTO, a Luxury Collection Hotel & Spa","Kyoto, Japan"
551,Hotel Traube Tonbach,"Incline Village, Nevada, United States"
552,Hotel TwentySeven,"Nice, France"
553,Hotel Unique,"Lijiang, China"
554,Hotel Vier Jahreszeiten Kempinski Munich,"Opatija, Croatia"
555,House of Jasmines,"Florence, Italy"
556,Hôtel Barrière Le Carl Gustaf,"Positano, Italy"
557,Hôtel Barrière Le Majestic,"Torno, Lake Como, Italy"
558,Hôtel de Paris Saint-Tropez,"Punta Mita, Mexico"
559,"Hyatt Regency Aruba Resort, Spa & Casino","Valletta, Malta"
560,Hyatt Regency Kyoto,"Urubamba, Peru"
561,"Hyatt Regency Lake Tahoe Resort, Spa & Casino","Santa Fe, New Mexico, United States"
562,Hyatt Regency Nice Palais de la Mediterranee,"Telluride, Colorado, United States"
563,Hylla Vintage Hotel,"St. Michaels, Maryland, United States"
564,Ikador Luxury Boutique Hotel & Spa,"Cape Elizabeth, Maine, United States"
565,Il Salviatino,"Amsterdam, Netherlands"
566,Il San Pietro di Positano,"Bora Bora, French Polynesia"
567,Il Sereno,"Bordeaux, France"
568,Imanta Resorts Punta de Mita,"Estoril, Portugal"
569,Iniala Harbour House & Residences,"Da Nang, Vietnam"
570,Inkaterra Hacienda Urubamba,"Dublin, Ireland"
571,Inn and Spa at Loretto,"Viti Levu, Fiji"
572,Inn at Lost Creek,"Hayman Island (Australia), Australia"
573,Inn at Perry Cabin,"Ljubljana, Slovenia"
574,Inn by the Sea,"London, United Kingdom"
575,InterContinental Amstel Amsterdam,"Lyon, France"
576,InterContinental Bora Bora Resort & Thalasso Spa,"Madrid, Spain"
577,InterContinental Bordeaux - Le Grand Hotel,"St. Julian's Bay, Malta"
578,InterContinental Cascais – Estoril,"Marseille, France"
579,InterContinental Danang Sun Peninsula Resort,"New York, New York, United States"
580,InterContinental Dublin,"Paris, France"
581,InterContinental Fiji Golf Resort & Spa,"Phuket, Thailand"
582,InterContinental Hayman Great Barrier Reef,"Porto, Portugal"
583,Intercontinental Ljubljana,"Ras Al Khaimah, United Arab Emirates"
584,InterContinental London Park Lane,"Hope Island, Australia"
585,InterContinental Lyon - Hotel Dieu,"Singapore, Singapore"
586,InterContinental Madrid,"Sorrento, Australia"
587,InterContinental Malta,"Sydney, Australia"
588,InterContinental Marseille - Hotel Dieu,"Sydney, Australia"
589,InterContinental New York Barclay,"Scotland, United Kingdom"
590,InterContinental Paris Le Grand,"Marathon, Florida, United States"
591,InterContinental Phuket Resort,"Hong Kong, China"
592,InterContinental Porto - Palacio das Cardosas,"Oban, United Kingdom"
593,InterContinental Ras Al Khaimah Mina Al Arab Resort & Spa,"Hobart, Australia"
594,Intercontinental Sanctuary Cove,"Capri, Italy"
595,InterContinental Singapore,"Paris, France"
596,InterContinental Sorrento Mornington Peninsula,"Rome, Italy"
597,InterContinental Sydney,"Melbourne, Australia"
598,InterContinental Sydney Double Bay,"Soufrière, Saint Lucia"
599,Inverlochy Castle Hotel,"Ocho Rios, Jamaica"
600,Isla Bella Beach Resort,"Tokyo, Japan"
601,"Island Shangri-La, Hong Kong","Savusavu, Fiji"
602,Isle of Eriska Hotel,"Shanghai, China"
603,Islington Hotel,"Shanghai, China"
604,J.K. Place Capri,"Malé, Maldives"
605,J.K. Place Paris,"Raa Atoll, Maldives"
606,J.K. Place Roma,"Saint John's, Antigua And Barbuda"
607,Jackalope Hotel,"Dubai, United Arab Emirates"
608,Jade Mountain,"Dubai, United Arab Emirates"
609,Jamaica Inn,"Bali, Indonesia"
610,Janu Tokyo,"Dubai, United Arab Emirates"
611,Jean-Michel Cousteau Resort Fiji,"Capri, Italy"
612,J Hotel Shanghai Tower,"London, United Kingdom"
613,"Jing An Shangri-La, Shanghai","Majorca, Spain"
614,JOALI BEING,"Muscat, Oman"
615,JOALI Maldives,"Malé, Maldives"
616,"Jumby Bay Island, Oetker Collection","Abu Dhabi, United Arab Emirates"
617,Jumeirah Al Naseem,"Mykonos, Greece"
618,Jumeirah Al Qasr,"Koh Samui, Thailand"
619,Jumeirah Bali,"Asni, Morocco"
620,Jumeirah Burj Al Arab,"Santorini, Greece"
621,Jumeirah Capri Palace,"Mykonos, Greece"
622,Jumeirah Carlton Tower,"Bodrum, Turkey"
623,Jumeirah Mallorca,"Cancún, Mexico"
624,Jumeirah Muscat Bay,"Budapest, Hungary"
625,Jumeirah Olhahali Island,"Engelberg, Switzerland"
626,Jumeirah Saadiyat Island,"Portoroz, Slovenia"
627,Kalesma Mykonos,"Barra de Sao Miguel, Brazil"
628,Kamalaya Koh Samui,"Keswick, Virginia, United States"
629,Kasbah Tamadot,"Edinburgh, Scotland, United Kingdom"
630,Katikies Garden,"Koh Samui, Thailand"
631,Katikies Mykonos,"Bangkok, Thailand"
632,Kempinski Hotel Barbaros Bay Bodrum,"Sydney, Australia"
633,Kempinski Hotel Cancún,"Grand Cayman, Cayman Islands"
634,Kempinski Hotel Corvinus Budapest,"Paris, France"
635,Kempinski Palace Engelberg Titlis - Swiss Alps,"Barcelona, Spain"
636,Kempinski Palace Portoroz,"Jerusalem, Israel"
637,Kenoa Exclusive Beach Spa & Resort,"Athens, Greece"
638,Keswick Hall,"Vilanculos, Mozambique"
639,Kimpton Charlotte Square Hotel,"Mykonos, Greece"
640,Kimpton Kitalay Samui,"Kailua Kona, Hawaii, United States"
641,Kimpton Maa-Lai Bangkok,"Lech, Austria"
642,Kimpton Margot Sydney,"Hinnavaru, Maldives"
643,"Kimpton Seafire Resort + Spa, Grand Cayman","St. Moritz, Switzerland"
644,"Kimpton St. Honoré, Paris","Uvita, Costa Rica"
645,Kimpton Vividora Barcelona,"Loja, Spain"
646,King David Jerusalem,"Saint-Martin-de-Belleville, France"
647,"King George, a Luxury Collection Hotel, Athens","San Antonio, Texas, United States"
648,Kisawa Sanctuary,"Playa del Carmen, Mexico"
649,Kivotos Mykonos,"Cortona, Italy"
650,"Kona Village, A Rosewood Resort","Soufrière, Saint Lucia"
651,Kristiania Lech,"Lake Placid, New York, United States"
652,Kudadoo Maldives Private Island,"Erbusco, Italy"
653,Kulm Hotel St. Moritz,"Marrakech, Morocco"
654,Kura Boutique Hotel,"Garlenda, Italy"
655,"La Bobadilla, a Royal Hideaway Hotel","Avignon, France"
656,La Bouitte,"Castiglione Della Pescaia, Italy"
657,La Cantera Resort & Spa,"Naples, Florida, United States"
658,La Casa de La Playa,"Courchevel, France"
659,La Corte Dei Papi,"Rome, Italy"
660,Ladera Resort,"La Quinta, California, United States"
661,Lake Placid Lodge,"Zurich, Switzerland"
662,L'Albereta,"Geneva, Switzerland"
663,La Mamounia,"Paris, France"
664,La Meridiana Hotel Resort & Golf,"Paris, France"
665,La Mirande,"Franschhoek, South Africa"
666,L'Andana,"Majorca, Spain"
667,LaPlaya Beach & Golf Resort,"Ramatuelle, France"
668,"L'Apogee Courchevel, Oetker Collection","Costalegre, Mexico"
669,La Posta Vecchia Hotel,"Mexico City, Mexico"
670,La Quinta Resort & Club,"Baie Longue, Saint Martin"
671,La Reserve Eden au Lac Zurich,"Arequipa, Peru"
672,La Reserve Geneve,"Ambergris Caye, Belize"
673,La Reserve Paris Apartments,"Marrakech, Morocco"
674,La Reserve Paris Hotel and Spa,"San José del Cabo, Mexico"
675,La Residence,"Del Mar, California, United States"
676,"La Residencia, A Belmond Hotel, Mallorca","Sedona, Arizona, United States"
677,La Réserve Ramatuelle,"Calvi, France"
678,Las Alamandas Resort,"Lyon, France"
679,"Las Alcobas, a Luxury Collection Hotel, Mexico City","Saint Barthelemy, Saint Barthélemy"
680,"La Samanna, A Belmond Hotel, St Martin","Paris, France"
681,"Las Casitas, A Belmond Hotel, Colca Canyon","Mane, France"
682,Las Terrazas Resort & Residences,"Saint Paul de Vence, France"
683,La Sultana Marrakech,"Franschhoek, South Africa"
684,"Las Ventanas Al Paraiso, A Rosewood Resort","Pinzolo, Italy"
685,L'Auberge Del Mar,"Lake Garda, Italy"
686,L'Auberge de Sedona,"Gstaad, Switzerland"
687,La Villa Calvi,"Oxford, United Kingdom"
688,La Villa Florentine,"Montreal, Quebec, Canada"
689,Le Barthelemy Hotel & Spa,"Nice, France"
690,"Le Bristol Paris, Oetker Collection","Paris, France"
691,Le Couvent des Minimes Hotel & Spa L'occitane,"Beverly Hills, California, United States"
692,Le Domaine du Mas de Pierre,"Paris, France"
693,Leeu Estates,"Zakynthos, Greece"
694,Lefay Resort & SPA Dolomiti,"Saint Barthelemy, Saint Barthélemy"
695,Lefay Resort & SPA Lago di Garda,"Positano, Italy"
696,Le Grand Bellevue,"Eugénie-les-bains, France"
697,"Le Manoir aux Quat'Saisons, A Belmond Hotel, Oxfordshire","Cassis, France"
698,Le Mount Stephen,"Bordeaux, France"
699,Le Negresco,"Cheverny, France"
700,Le Pavillon de la Reine & Spa,"Tahaa, French Polynesia"
701,L'Ermitage Beverly Hills,"Newport Beach, California, United States"
702,Le Royal Monceau - Raffles Paris,"La Croix-valmer, France"
703,Lesante Blu Exclusive Beach Resort,"Little Torch Key, Florida, United States"
704,Le Sereno,"San Miguel de Allende, Mexico"
705,Le Sirenuse,"Cairns, Australia"
706,Les Pres d'Eugenie - Maison Guérard,"Bariloche, Argentina"
707,Les Roches Blanches,"Orlando, Florida, United States"
708,Les Sources de Caudalie,"Xiamen, China"
709,Les Sources de Cheverny,"Venice, Italy"
710,Le Taha'a,"Ushuaia, Argentina"
711,"Lido House, Autograph Collection","Seattle, Washington, United States"
712,Lily of the Valley,"Seoul, South Korea"
713,Little Palm Island Resort & Spa,"Bath, United Kingdom"
714,Live Aqua San Miguel de Allende,"Paris, France"
715,Lizard Island,"Grand Baie, Mauritius"
716,"Llao Llao Resort, Golf & Spa","Ari Atoll, Maldives"
717,Loews Portofino Bay Hotel at Universal Orlando,"Stockholm, Sweden"
718,Lohkah Hotel & Spa,"Bodrum, Turkey"
719,Londra Palace Venezia,"Telluride, Colorado, United States"
720,Los Cauquenes Resort + Spa + Experiences,"Porto, Portugal"
721,Lotte Hotel Seattle,"New Orleans, Louisiana, United States"
722,Lotte Hotel Seoul - Executive Tower,"Barcelona, Spain"
723,Lucknam Park Hotel,"Malibu, California, United States"
724,Lutetia Paris,"British West Indies, Anguilla"
725,LUX Grand Baie,"Jerusalem, Israel"
726,LUX South Ari Atoll,"Bali, Indonesia"
727,Lydmar Hotel,"Bangkok, Thailand"
728,Macakizi,"Barcelona, Spain"
729,"Madeline Hotel & Residences, Auberge Resorts Collection","Bodrum, Turkey"
730,Maison Albar - Le Monumental Palace,"Istanbul, Turkey"
731,Maison Métier,"Boston, Massachusetts, United States"
732,Majestic Hotel & Spa,"Canouan Island, Saint Vincent And The Grenadines"
733,Malibu Beach Inn,"Navarino, Greece"
734,"Malliouhana, Anguilla","Geneva, Switzerland"
735,Mamilla Hotel Jerusalem,"Hong Kong, China"
736,"Mandapa, a Ritz-Carlton Reserve","London, United Kingdom"
737,"Mandarin Oriental, Bangkok","Dubai, United Arab Emirates"
738,"Mandarin Oriental, Barcelona","Kuala Lumpur, Malaysia"
739,"Mandarin Oriental, Bodrum","Blevio, Italy"
740,"Mandarin Oriental Bosphorus, Istanbul","Macau, China"
741,"Mandarin Oriental, Boston","Marrakech, Morocco"
742,"Mandarin Oriental, Canouan","London, United Kingdom"
743,"Mandarin Oriental, Costa Navarino","Miami, Florida, United States"
744,"Mandarin Oriental, Geneva","Milan, Italy"
745,"Mandarin Oriental, Hong Kong","Munich, Germany"
746,"Mandarin Oriental Hyde Park, London","New York, New York, United States"
747,"Mandarin Oriental Jumeira, Dubai","Lucerne, Switzerland"
748,"Mandarin Oriental, Kuala Lumpur","Paris, France"
749,"Mandarin Oriental, Lago di Como","Prague, Czech Republic"
750,Mandarin Oriental Macau,"Shanghai, China"
751,"Mandarin Oriental, Marrakech","Madrid, Spain"
752,"Mandarin Oriental Mayfair, London","Santiago, Chile"
753,"Mandarin Oriental, Miami","Zurich, Switzerland"
754,"Mandarin Oriental, Milan","Shenzhen, China"
755,"Mandarin Oriental, Munich","Singapore, Singapore"
756,"Mandarin Oriental, New York","Taipei, Taiwan"
757,"Mandarin Oriental Palace, Luzern","Tokyo, Japan"
758,"Mandarin Oriental, Paris","Beijing, China"
759,"Mandarin Oriental, Prague","Victoria, Seychelles"
760,"Mandarin Oriental Pudong, Shanghai","North Hatley, Quebec, Canada"
761,"Mandarin Oriental Ritz, Madrid","Marbella, Spain"
762,"Mandarin Oriental, Santiago","Riviera Maya, Mexico"
763,"Mandarin Oriental Savoy, Zurich","Quito, Ecuador"
764,Mandarin Oriental Shenzhen,"Hvar, Croatia"
765,"Mandarin Oriental, Singapore","Savelletri Di Fasano, Italy"
766,"Mandarin Oriental, Taipei","Savelletri, Italy"
767,"Mandarin Oriental, Tokyo","Budapest, Hungary"
768,"Mandarin Oriental Wangfujing, Beijing","Kohala Coast, Hawaii, United States"
769,"Mango House Seychelles, LXR Hotels & Resorts","Kohala Coast, Hawaii, United States"
770,Manoir Hovey,"Adelaide, Australia"
771,Marbella Club Hotel - Golf Resort & Spa,"Washington, Connecticut, United States"
772,"Maroma, A Belmond Hotel, Riviera Maya","Altaussee, Austria"
773,Mashpi Lodge,"Napa, California, United States"
774,Maslina Resort,"El Pescadero, Mexico"
775,Masseria San Domenico,"Ibiza, Spain"
776,"Masseria Torre Maizza, a Rocco Forte hotel","Bale, Croatia"
777,"Matild Palace, a Luxury Collection Hotel, Budapest","Ischia, Italy"
778,"Mauna Kea Beach Hotel, Autograph Collection","Shanghai, China"
779,"Mauna Lani, Auberge Resorts Collection","Lima, Peru"
780,Mayfair Hotel,"Lenox, Massachusetts, United States"
781,"Mayflower Inn & Spa, Auberge Resorts Collection","Oceanside, California, United States"
782,MAYRLIFE Medical Health Resort Altaussee,"Zafferana Etnea, Italy"
783,Meadowood Napa Valley,"Conca Dei Marini, Italy"
784,MEA Wisdom,"Big Sky, Montana, United States"
785,ME Ibiza,"Park City, Utah, United States"
786,Meneghetti Wine Hotel & Winery,"Healdsburg, California, United States"
787,Mezzatorre Hotel & Thermal Spa,"Lahaina, Maui, Hawaii, United States"
788,MGM Shanghai West Bund,"Laguna Beach, California, United States"
789,"Miraflores Park, A Belmond Hotel, Lima","Cabo San Lucas, Mexico"
790,Miraval Berkshires,"Bluffton, South Carolina, United States"
791,Mission Pacific Beach Resort,"Zermatt, Switzerland"
792,Monaci delle Terre Nere,"Monte-Carlo, Monaco"
793,Monastero Santa Rosa Hotel & Spa,"Sarteano, Italy"
794,Montage Big Sky,"Franschhoek, South Africa"
795,Montage Deer Valley,"San Juan Del Sur, Nicaragua"
796,Montage Healdsburg,"Moskito Island, British Overseas Territory, British Virgin Islands"
797,Montage Kapalua Bay,"Tumaraa, French Polynesia"
798,Montage Laguna Beach,"Scottsdale, Arizona, United States"
799,Montage Los Cabos,"Kilkenny, Ireland"
800,Montage Palmetto Bluff,"Crafers, Australia"
801,Mont Cervin Palace Zermatt,"Cape Town, South Africa"
802,Monte-Carlo Beach,"Miami, Florida, United States"
803,Monteverdi Tuscany,"Halifax, Nova Scotia, Canada"
804,Mont Rochelle,"Cappadocia, Turkey"
805,Morgans Rock,"Mykonos, Greece"
806,Moskito Island Estates,"Mykonos, Greece"
807,Motu Nao Nao,"Mykonos, Greece"
808,Mountain Shadows Resort Scottsdale,"Mykonos, Greece"
809,Mount Juliet Estate,"Mykonos, Greece"
810,Mount Lofty House,"Santorini, Greece"
811,"Mount Nelson, A Belmond Hotel, Cape Town","Puntarenas, Costa Rica"
812,Mr. C Miami - Coconut Grove,"Pacific Harbour, Fiji"
813,"Muir, an Autograph Collection Hotel","Koh Samui, Thailand"
814,Museum Hotel,"Naples, Florida, United States"
815,Myconian Ambassador Relais & Chateaux Hotel,"Atacama, Chile"
816,Myconian Korali Relais & Chateaux,"Arenal Volcano National Park, Costa Rica"
817,Mykonos Blu Grecotel Boutique Resort,"San Carlos, Costa Rica"
818,Mykonos Grand Hotel & Resort,"Nandaime, Nicaragua"
819,Mykonos Riviera Hotel & Spa,"Farmington, Pennsylvania, United States"
820,"Mystique, a Luxury Collection Hotel, Santorini","Athens, Greece"
821,Nantipa - A Tico Beach Experience,"Changsha, China"
822,Nanuku Resort Fiji,"Chengdu, China"
823,"Napasai, A Belmond Hotel, Koh Samui","Chongqing, China"
824,Naples Grande Beach Resort,"Suzhou, China"
825,Nayara Alto Atacama,"Sumba, Indonesia"
826,Nayara Gardens,"Copenhagen, Denmark"
827,Nayara Springs,"Toyooka, Japan"
828,Nekupe Sporting Resort & Retreat,"Cancún, Mexico"
829,Nemacolin,"Ibiza, Spain"
830,"NEW Hotel, a Member of Design Hotels, Athens","London, United Kingdom"
831,Niccolo Changsha,"Cabo San Lucas, Mexico"
832,Niccolo Chengdu,"Marbella, Spain"
833,Niccolo Chongqing,"Palo Alto, California, United States"
834,Niccolo Suzhou,"San Sebastian, Spain"
835,Nihi Sumba,"Malibu, California, United States"
836,Nimb,"Nashville, Tennessee, United States"
837,Nishimuraya Honkan,"London, United Kingdom"
838,NIZUC Resort & Spa,"Santorini, Greece"
839,Nobu Hotel Ibiza Bay,"Santa Monica, California, United States"
840,Nobu Hotel London Portman Square,"Watch Hill, Rhode Island, United States"
841,Nobu Hotel Los Cabos,"Castelo De Paiva, Portugal"
842,Nobu Hotel Marbella,"Furnas, Portugal"
843,Nobu Hotel Palo Alto,"Ponta Delgada, Portugal"
844,Nobu Hotel San Sebastian,"Moncarapacho, Portugal"
845,Nobu Ryokan Malibu,"Ojai, California, United States"
846,Noelle Nashville Downtown,"Saint Andrews, United Kingdom"
847,NoMad London,"Lisbon, Portugal"
848,NOŪS Santorini,"Glyfáda, Greece"
849,"Oceana Santa Monica, LXR Hotels & Resorts","Cape Town, South Africa"
850,Ocean House,"Johor, Malaysia"
851,Octant Douro,"Poste De Flacq, Mauritius"
852,Octant Furnas,"Lo de Marcos, Mexico"
853,Octant Ponta Delgada,"San José del Cabo, Mexico"
854,Octant Vila Monte,"Hercegnovi, Montenegro"
855,Ojai Valley Inn,"Male, Maldives"
856,"Old Course Hotel, Golf Resort & Spa","Dubai, United Arab Emirates"
857,Olissippo Lapa Palace,"Dubai, United Arab Emirates"
858,One&Only Aesthesis,"Berlin, Germany"
859,One&Only Cape Town,"Rome, Italy"
860,One&Only Desaru Coast,"Bundanoon, Australia"
861,One&Only Le Saint Geran,"Otocec, Slovenia"
862,One&Only Mandarina,"AlUla, Saudi Arabia"
863,One&Only Palmilla,"Bacalar, Mexico"
864,One&Only Portonovi,"Aitutaki, Cook Islands"
865,One&Only Reethi Rah,"Hvar, Croatia"
866,One&Only Royal Mirage,"San Francisco, California, United States"
867,One&Only The Palm,"Tokyo, Japan"
868,Orania.Berlin,"Cusco, Peru"
869,Orient Express La Minerva,"Madrid, Spain"
870,Osborn House,"Buenos Aires, Argentina"
871,Otocec Castle Hotel,"Cuzco, Peru"
872,Our Habitas AlUla,"Sao Paulo, Brazil"
873,Our Habitas Bacalar,"Vienna, Austria"
874,Pacific Resort Aitutaki,"Ravello, Italy"
875,"Palace Elisabeth, Hvar Heritage Hotel","Cagliari, Italy"
876,"Palace Hotel, a Luxury Collection Hotel, San Francisco","Fiuggi, Italy"
877,Palace Hotel Tokyo,"Rome, Italy"
878,"Palacio del Inka, a Luxury Collection Hotel, Cusco","Bernalda, Italy"
879,"Palacio de los Duques, a Gran Meliá Hotel","Milan , Italy"
880,Palacio Duhau - Park Hyatt Buenos Aires,"Florence, Italy"
881,"Palacio Nazarenas, A Belmond Hotel, Cusco","Norcia, Italy"
882,"Palacio Tangara, Oetker Collection","Venice, Italy"
883,Palais Coburg Residenz,"Riviera Maya, Mexico"
884,Palazzo Avino,"Grand Cayman, Cayman Islands"
885,"Palazzo Doglio, Sardinia","St. Tropez, France"
886,Palazzo Fiuggi Rome,"Santiago De Compostela, Spain"
887,Palazzo Manfredi,"Lesser Cyclades, Greece"
888,Palazzo Margherita,"Palm Springs, California, United States"
889,Palazzo Parigi Hotel & Grand SPA Milan,"Gstaad, Switzerland"
890,Palazzo Portinari Salviati,"Kenmare, Ireland"
891,Palazzo Seneca,"Vitznau, Switzerland"
892,Palazzo Venart Luxury Hotel,"Abu Dhabi, United Arab Emirates"
893,Palmaia - The House of AiA,"Auckland, New Zealand"
894,Palm Heights,"San Diego, California, United States"
895,Pan Dei Palais,"Bangkok, Thailand"
896,Parador of Santiago de Compostela,"Beaver Creek, Colorado, United States"
897,"Parilio, a Member of Design Hotels","Beijing, China"
898,Parker Palm Springs,"Busan, South Korea"
899,Park Gstaad,"Chicago, Illinois, United States"
900,Park Hotel Kenmare,"Doha, Qatar"
901,Park Hotel Vitznau,"Dubai, United Arab Emirates"
902,Park Hyatt Abu Dhabi Hotel and Villas,"Istanbul, Turkey"
903,Park Hyatt Auckland,"Kyoto, Japan"
904,"Park Hyatt Aviara Resort, Golf Club and Spa","Hadahaa, Maldives"
905,Park Hyatt Bangkok,"Melbourne, Australia"
906,Park Hyatt Beaver Creek Resort,"Mendoza, Argentina"
907,Park Hyatt Beijing,"Milan, Italy"
908,Park Hyatt Busan,"New York, New York, United States"
909,Park Hyatt Chicago,"Kutchan, Japan"
910,Park Hyatt Doha,"Paris, France"
911,Park Hyatt Dubai,"Ho Chi Minh City, Vietnam"
912,Park Hyatt Istanbul - Macka Palas,"Seoul, South Korea"
913,Park Hyatt Kyoto,"Shanghai, China"
914,Park Hyatt Maldives Hadahaa,"Siem Reap, Cambodia"
915,Park Hyatt Melbourne,"St. Kitts, Saint Kitts And Nevis"
916,Park Hyatt Mendoza,"Sydney, Australia"
917,Park Hyatt Milano,"Tokyo, Japan"
918,Park Hyatt New York,"Toronto, Ontario, Canada"
919,Park Hyatt Niseko Hanazono,"Vienna, Austria"
920,Park Hyatt Paris-Vendome,"Washington, District of Columbia, United States"
921,Park Hyatt Saigon,"Zurich, Switzerland"
922,Park Hyatt Seoul,"Limassol, Cyprus"
923,Park Hyatt Shanghai,"Como, Italy"
924,Park Hyatt Siem Reap,"Male, Maldives"
925,Park Hyatt St. Kitts,"Greenough, Montana, United States"
926,Park Hyatt Sydney,"Chicago, Illinois, United States"
927,Park Hyatt Tokyo,"New York, New York, United States"
928,Park Hyatt Toronto,"Newport Beach, California, United States"
929,Park Hyatt Vienna,"Park City, Utah, United States"
930,"Park Hyatt Washington, DC","San Diego, California, United States"
931,Park Hyatt Zurich,"Washington, District of Columbia, United States"
932,"Parklane, a Luxury Collection Resort & Spa, Limassol","West Hollywood, California, United States"
933,Passalacqua,"Sintra, Portugal"
934,"Patina Maldives, Fari Islands","Savannah, Georgia, United States"
935,Paws Up Montana,"Elounda, Greece"
936,Pendry Chicago,"Krabi, Thailand"
937,Pendry Manhattan West,"Galápagos, Ecuador"
938,Pendry Newport Beach,"Governador Celso Ramos, Brazil"
939,Pendry Park City,"Zakynthos, Greece"
940,Pendry San Diego,"Florence, Italy"
941,Pendry Washington DC - The Wharf,"Milan, Italy"
942,Pendry West Hollywood,"Rome, Italy"
943,Penha Longa Resort,"Big Sur, California, United States"
944,"Perry Lane Hotel, a Luxury Collection Hotel","Bali, Indonesia"
945,"Phaea Blue Palace, Elounda, Crete","Lisbon, Portugal"
946,"Phulay Bay, a Ritz-Carlton Reserve","Paraty, Brazil"
947,Pikaia Lodge,"Enniskerry, Ireland"
948,Ponta dos Ganchos Exclusive Resort,"Cozumel, Mexico"
949,Porto Zante Villas & Spa,"Meadows Of Dan, Virginia, United States"
950,Portrait Firenze,"Paris, France"
951,Portrait Milano,"Forte Dei Marmi, Italy"
952,Portrait Roma,"Marbella, Spain"
953,Post Ranch Inn,"Amsterdam, Netherlands"
954,Potato Head Suites,"Capri, Italy"
955,Pousada de Lisboa - Praca do Comercio,"Abu Dhabi, United Arab Emirates"
956,Pousada Literaria de Paraty,"Hangzhou, China"
957,Powerscourt Hotel Resort Spa,"Whitsundays, Australia"
958,Presidente InterContinental Cozumel Resort & Spa,"Long Bay Village, Anguilla"
959,"Primland, Auberge Resorts Collection","Bali, Indonesia"
960,"Prince de Galles, a Luxury Collection Hotel, Paris","Boston, Massachusetts, United States"
961,Principe Forte dei Marmi,"Doha, Qatar"
962,Puente Romano Beach Resort,"Dubai, United Arab Emirates"
963,Pulitzer Amsterdam,"Warsaw, Poland"
964,Punta Tragara,"Siem Reap, Cambodia"
965,Qasr al Sarab Desert Resort by Anantara,"Phnom Penh, Cambodia"
966,Qiushui Villa,"Istanbul, Turkey"
967,"qualia, Great Barrier Reef","London, United Kingdom"
968,Quintessence Hotel Anguilla,"Makati, Philippines"
969,Raffles Bali,"Thinadhoo, Maldives"
970,Raffles Boston,"Praslin, Seychelles"
971,Raffles Doha,"Shenzhen, China"
972,Raffles Dubai,"Singapore, Singapore"
973,Raffles Europejski Warsaw,"Dubai, United Arab Emirates"
974,Raffles Grand Hotel d'Angkor,"Udaipur, India"
975,Raffles Hotel Le Royal,"Phra Pradaeng, Thailand"
976,Raffles Istanbul,"Jaipur, India"
977,Raffles London at The OWO,"Rancho Sante Fe, California, United States"
978,Raffles Makati,"Berlin, Germany"
979,Raffles Maldives Meradhoo Resort,"Hong Kong, China"
980,Raffles Seychelles,"Phu Quoc, Vietnam"
981,Raffles Shenzhen,"Tivat, Montenegro"
982,Raffles Singapore,"Santa Monica, California, United States"
983,Raffles The Palm Dubai,"Madeira, Portugal"
984,Raffles Udaipur,"Kitzbühel, Austria"
985,RAKxa Integrative Wellness,"Cortona, Italy"
986,"Rambagh Palace, Jaipur","Puerto Natales, Chile"
987,Rancho Valencia Resort & Spa,"Washington, District of Columbia, United States"
988,Regent Berlin,"Sacred Valley, Peru"
989,Regent Hong Kong,"Montreal, Quebec, Canada"
990,Regent Phu Quoc,"Paris, France"
991,Regent Porto Montenegro,"Rome, Italy"
992,Regent Santa Monica Beach,"Vail, Colorado, United States"
993,"Reid's Palace, A Belmond Hotel, Madeira","Scotland, United Kingdom"
994,Relais & Châteaux Hotel Tennerhof,"Kyoto, Japan"
995,Relais IL Falconiere & Spa,"Arzachena, Italy"
996,REMOTA,"Rome, Italy"
997,Riggs Washington D.C.,"Naples, Italy"
998,"Rio Sagrado, A Belmond Hotel, Sacred Valley","Amsterdam, Netherlands"
999,Ritz-Carlton Montreal,"Nassau, Bahamas"
1000,Ritz Paris,"Bangkok, Thailand"
1001,"Rocco Forte House, Piazza di Spagna Roma","Beijing, China"
1002,RockResorts - The Arrabelle at Vail Square,"Hamilton, Bermuda"
1003,Rocpool Reserve,"Montalcino, Italy"
1004,"ROKU Kyoto, LXR Hotels & Resorts","Hong Kong, China"
1005,"Romazzino, a Belmond Hotel, Costa Smeralda","Vancouver, British Columbia, Canada"
1006,"Rome Cavalieri, A Waldorf Astoria Hotel","Santa Fe, New Mexico, United States"
1007,Romeo hotel,"Kerikeri, New Zealand"
1008,Rosewood Amsterdam - A Virtuoso Preview Property,"Saint Barthelemy, Saint Barthélemy"
1009,Rosewood Baha Mar,"Virgin Gorda, British Virgin Islands"
1010,Rosewood Bangkok,"London, United Kingdom"
1011,Rosewood Beijing,"Dallas, Texas, United States"
1012,Rosewood Bermuda,"Riviera Maya, Mexico"
1013,Rosewood Castiglion del Bosco,"Montecito, California, United States"
1014,Rosewood Hong Kong,"Munich, Germany"
1015,Rosewood Hotel Georgia,"Phuket, Thailand"
1016,Rosewood Inn of the Anasazi,"Menlo Park, California, United States"
1017,Rosewood Kauri Cliffs,"San Miguel De Allende, Mexico"
1018,Rosewood Le Guanahani,"São Paulo, Brazil"
1019,Rosewood Little Dix Bay,"Hof Bei Salzburg, Austria"
1020,Rosewood London,"Vienna, Austria"
1021,Rosewood Mansion On Turtle Creek,"Madrid, Spain"
1022,Rosewood Mayakoba,"Washington, District of Columbia, United States"
1023,Rosewood Miramar Beach,"Montego Bay, Jamaica"
1024,Rosewood Munich,"Champillon, France"
1025,Rosewood Phuket,"Royal Davui Island, Fiji"
1026,Rosewood Sand Hill,"Sanremo, Italy"
1027,Rosewood San Miguel de Allende,"Casablanca, Morocco"
1028,Rosewood Sao Paulo,"Marrakech, Morocco"
1029,Rosewood Schloss Fuschl,"Phoenix, Arizona, United States"
1030,Rosewood Vienna,"Lausanne, Switzerland"
1031,Rosewood Villa Magna,"Baltimore, Maryland, United States"
1032,Rosewood Washington DC,"Pray, Montana, United States"
1033,Round Hill Hotel & Villas,"Middleburg, Virginia, United States"
1034,Royal Champagne Hotel & Spa,"Washington, District of Columbia, United States"
1035,"Royal Davui Island Resort, Fiji","Venice, Italy"
1036,Royal Hotel Sanremo,"Paradise Valley, Arizona, United States"
1037,Royal Mansour Casablanca,"Taormina, Italy"
1038,Royal Mansour Marrakech,"Holetown, Barbados"
1039,Royal Palms Resort and Spa,"Kassándra, Greece"
1040,Royal Savoy Hotel & Spa,"Ischia, Italy"
1041,Sagamore Pendry Baltimore,"Mykonos, Greece"
1042,Sage Lodge,"Rio De Janeiro, Brazil"
1043,Salamander Middleburg,"Majorca, Spain"
1044,Salamander Washington DC,"Santa Barbara, California, United States"
1045,San Clemente Palace Kempinski Venice,"Madeira, Portugal"
1046,"Sanctuary Camelback Mountain, A Gurney’s Resort & Spa","Johannesburg, South Africa"
1047,"San Domenico Palace, Taormina, A Four Seasons Hotel","Elmau, Germany"
1048,Sandy Lane Hotel,"Kronberg, Germany"
1049,Sani Asterias at Sani Resort,"Marrakech, Morocco"
1050,San Montano Resort & Spa,"Lanai City, Hawaii, United States"
1051,"Santa Marina, a Luxury Collection Resort, Mykonos","Rancho Mirage, California, United States"
1052,Santa Teresa Hotel RJ - MGallery,"Crafers, Australia"
1053,Sant Francesc Hotel Singular,"Barcelona, Spain"
1054,San Ysidro Ranch,"Muscat, Oman"
1055,Savoy Palace,"Boracay, Philippines"
1056,"Saxon Hotel, Villas & Spa","Istanbul, Turkey"
1057,Schloss Elmau Luxury Spa Retreat and Cultural Hideaway,"Beijing, China"
1058,Schlosshotel Kronberg,"Jeddah, Saudi Arabia"
1059,Selman Marrakech,"Trou D'eau Douce, Mauritius"
1060,"Sensei Lana'i, A Four Seasons Resort","Paris, France"
1061,SENSEI Porcupine Creek,"Abu Dhabi, United Arab Emirates"
1062,Sequoia Lodge,"Shanghai, China"
1063,Serras Barcelona,"Singapore, Singapore"
1064,"Shangri-La Al Husn, Muscat","Sydney, Australia"
1065,"Shangri-La Boracay, Philippines","Cairns, Australia"
1066,"Shangri-La Bosphorus, Istanbul","London, United Kingdom"
1067,"Shangri-La China World Summit Wing, Beijing","Tokyo, Japan"
1068,Shangri-La Jeddah,"Toronto, Ontario, Canada"
1069,"Shangri-La Le Touessrok, Mauritius","Ulaanbaatar, Mongolia"
1070,Shangri-La Paris,"Vancouver, British Columbia, Canada"
1071,"Shangri-La Qaryat Al Beri, Abu Dhabi","Cancún, Mexico"
1072,"Shangri-La Qiantan, Shanghai","County Kerry, Ireland"
1073,Shangri-La Singapore,"San Diego, California, United States"
1074,Shangri-La Sydney,"Santa Monica, California, United States"
1075,Shangri-La The Marina Cairns,"Busan, South Korea"
1076,"Shangri-La The Shard, London","Seoul, South Korea"
1077,Shangri-La Tokyo,"Saint George's, Grenada"
1078,Shangri-La Toronto,"Perugia, Italy"
1079,"Shangri-La Ulaanbaatar, Mongolia","Venice, Italy"
1080,Shangri-La Vancouver,"Bangkok, Thailand"
1081,SHA Wellness Clinic Mexico,"Rome, Italy"
1082,Sheen Falls Lodge,"Con Dao Island, Vietnam"
1083,"Shore House at The Del, LXR Hotels & Resorts","Crans-Montana, Switzerland"
1084,Shutters on the Beach,"Lamego, Portugal"
1085,Signiel Busan,"Mamanuca Islands, Fiji"
1086,SIGNIEL Seoul,"Sant Joan de Labritja, Spain"
1087,"Silversands Grand Anse, Grenada","Milas, Turkey"
1088,Sina Brufani,"Laamu Atoll, Maldives"
1089,Sina Centurion Palace,"Rome, Italy"
1090,Sindhorn Kempinski Hotel Bangkok,"Koh Samui, Thailand"
1091,Singer Palace Hotel Roma,"Shaharut, Israel"
1092,Six Senses Con Dao,"Phangnga, Thailand"
1093,Six Senses Crans Montana,"Zighy Bay, Oman"
1094,Six Senses Douro Valley,"Las Vegas, Nevada, United States"
1095,Six Senses Fiji,"Nassau, Bahamas"
1096,Six Senses Ibiza,"Los Angeles, California, United States"
1097,Six Senses Kaplankaya,"Miami Beach, Florida, United States"
1098,Six Senses Laamu,"Auckland, New Zealand"
1099,Six Senses Rome,"Berlin, Germany"
1100,Six Senses Samui,"Adelaide, Australia"
1101,Six Senses Shaharut,"Auckland, New Zealand"
1102,Six Senses Yao Noi,"Cartagena, Colombia"
1103,Six Senses Zighy Bay,"Chicago, Illinois, United States"
1104,SKYLOFTS at MGM Grand,"Denarau, Fiji"
1105,SLS Baha Mar,"Moorea, French Polynesia"
1106,SLS Beverly Hills,"Panama City, Panama"
1107,SLS South Beach,"Hanoi, Vietnam"
1108,SO/ Auckland,"Aswan, Egypt"
1109,SO/ Berlin Das Stue,"Xian, China"
1110,Sofitel Adelaide,"Cartagena, Colombia"
1111,Sofitel Auckland Viaduct Harbour,"Amsterdam, Netherlands"
1112,Sofitel Baru Calablanca Beach Resort,"Mexico City, Mexico"
1113,Sofitel Chicago Magnificent Mile,"Montevideo, Uruguay"
1114,Sofitel Fiji Resort & Spa,"Munich, Germany"
1115,Sofitel Kia Ora Moorea Beach Resort,"Paris, France"
1116,Sofitel Legend Casco Viejo Panama,"Rome, Italy"
1117,Sofitel Legend Metropole Hanoi,"Sydney, Australia"
1118,Sofitel Legend Old Cataract Aswan,"Wellington, New Zealand"
1119,Sofitel Legend People's Grand Hotel Xian,"Napa, California, United States"
1120,Sofitel Legend Santa Clara Cartagena,"San José del Cabo, Mexico"
1121,Sofitel Legend The Grand Amsterdam,"Monsaraz, Portugal"
1122,Sofitel Mexico City Reforma,"Urubamba, Peru"
1123,Sofitel Montevideo Casino Carrasco & Spa,"Oslo, Norway"
1124,Sofitel Munich Bayerpost,"Baa Atoll, Maldives"
1125,Sofitel Paris Le Faubourg,"Noonu Atoll, Maldives"
1126,Sofitel Rome Villa Borghese,"Koh Kood, Thailand"
1127,Sofitel Sydney Darling Harbour,"Lhasa, Tibet , China"
1128,Sofitel Wellington,"Vail, Colorado, United States"
1129,"Solage, Auberge Resorts Collection","Sonora Island, British Columbia, Canada"
1130,"Solaz, a Luxury Collection Resort Los Cabos","Paris, France"
1131,São Lourenço do Barrocal,"Franklin, Tennessee, United States"
1132,Sol y Luna,"Saint George, Grenada"
1133,Sommerro,"Maryvale, Australia"
1134,Soneva Fushi,"Bowen Mountain, Australia"
1135,Soneva Jani,"Portofino, Italy"
1136,Soneva Kiri,"Portofino, Italy"
1137,Songtsam Linka Retreat Lhasa,"Soldeu, Andorra"
1138,Sonnenalp Hotel,"Agios Nikolaos, Greece"
1139,Sonora Resort Canada,"Napa, California, United States"
1140,SO/ Paris,"Frankfurt am Main, Germany"
1141,Southall Farm & Inn,"Brussels, Belgium"
1142,Spice Island Beach Resort,"Park City, Utah, United States"
1143,Spicers Peak Lodge,"Grândola, Portugal"
1144,Spicers Sangoma Retreat,"Soufrière, Saint Lucia"
1145,"Splendido, A Belmond Hotel, Portofino","Machu Picchu, Peru"
1146,"Splendido Mare, A Belmond Hotel, Portofino","Provo, Utah, United States"
1147,Sport Hotel Hermitage & Spa,"West Hollywood, California, United States"
1148,St. Nicolas Bay Resort Hotel & Villas,"Mendoza, Argentina"
1149,"Stanly Ranch, Auberge Resorts Collection","Bodrum, Turkey"
1150,Steigenberger Icon Frankfurter Hof,"Punta De Mita, Mexico"
1151,Steigenberger Icon Wiltcher's,"La Fortuna, Costa Rica"
1152,Stein Eriksen Lodge Deer Valley,"Cappadocia, Turkey"
1153,Sublime Comporta,"London, United Kingdom"
1154,"Sugar Beach, A Viceroy Resort","San Francisco, California, United States"
1155,SUMAQ Machu Picchu Hotel,"Cape Town, South Africa"
1156,Sundance Mountain Resort,"Malé, Maldives"
1157,Sunset Tower Hotel,"Hyderabad, India"
1158,Susana Balbo Winemaker's House & Spa Suites,"Udaipur, India"
1159,"Susona Bodrum, LXR Hotels & Resorts","New Delhi, India"
1160,"Susurros del Corazón, Auberge Resorts Collection","New Delhi, India"
1161,Tabacon Thermal Resort & Spa,"Urubamba, Peru"
1162,Tafoni Houses Cave Hotel,"Los Angeles, California, United States"
1163,Taj 51 Buckingham Gate Suites and Residences,"Tourrettes, France"
1164,Taj Campton Place,"Gstaad, Switzerland"
1165,Taj Cape Town,"Shanghai, China"
1166,"Taj Exotica Resort & Spa, Maldives","Bilbao, Spain"
1167,Taj Falaknuma Palace,"Edinburgh, Scotland, United Kingdom"
1168,Taj Lake Palace,"London, United Kingdom"
1169,Taj Mahal New Delhi,"New York, New York, United States"
1170,"Taj Palace, New Delhi","London, United Kingdom"
1171,"Tambo del Inka, a Luxury Collection Resort & Spa, Valle Sagrado","Bodrum, Turkey"
1172,Terranea Resort,"Arue, French Polynesia"
1173,Terre Blanche Hôtel Spa Golf Resort,"Palm Beach, Florida, United States"
1174,The Alpina Gstaad,"Palm Beach, Florida, United States"
1175,The Anandi Hotel and Spa Shanghai,"Newport, Rhode Island, United States"
1176,The Artist Grand Hotel of Art,"London, United Kingdom"
1177,"The Balmoral, a Rocco Forte hotel","Edinburgh, Scotland, United Kingdom"
1178,The Beaumont,"Scottsdale, Arizona, United States"
1179,"The Beekman, A Thompson Hotel","Cabo San Lucas, Mexico"
1180,"The Berkeley, London","Tokyo, Japan"
1181,The Bodrum EDITION,"Singapore, Singapore"
1182,The Brando,"Saas-Fee, Switzerland"
1183,The Brazilian Court Hotel,"Queenstown, New Zealand"
1184,The Breakers Palm Beach,"New York, New York, United States"
1185,The Brenton,"Newport, Rhode Island, United States"
1186,"The Cadogan, A Belmond Hotel, London","Munich, Germany"
1187,The Caledonian Edinburgh,"Charleston, South Carolina, United States"
1188,"The Canyon Suites at The Phoenician, a Luxury Collection Resort, Scottsdale","White Lake, New York, United States"
1189,"The Cape, a Thompson Hotel","New York, New York, United States"
1190,The Capitol Hotel Tokyu,"Andermatt, Switzerland"
1191,The Capitol Kempinski Hotel Singapore,"Tivat, Montenegro"
1192,The Capra,"Muscat, Oman"
1193,The Carlin Boutique Hotel,"Negril, Jamaica"
1194,"The Carlyle, A Rosewood Hotel","Sea Island, Georgia, United States"
1195,The Chanler at Cliff Walk,"Dublin, Ireland"
1196,"The Charles Hotel, a Rocco Forte hotel","Palm Beach, Florida, United States"
1197,The Charleston Place,"London, United Kingdom"
1198,The Chatwal Lodge,"Las Vegas, Nevada, United States"
1199,"The Chatwal, New York","Nassau, Bahamas"
1200,The Chedi Andermatt,"Gregory Town, Bahamas"
1201,The Chedi Luštica Bay,"Fort Worth, Texas, United States"
1202,The Chedi Muscat,"Langkawi, Malaysia"
1203,The Cliff Hotel,"Tel Aviv, Israel"
1204,The Cloister at Sea Island,"Charleston, South Carolina, United States"
1205,"The College Green Hotel Dublin, Autograph Collection","Zurich, Switzerland"
1206,"The Colony Hotel, Palm Beach","Athens, Greece"
1207,"The Connaught, London","New York, New York, United States"
1208,The Cosmopolitan of Las Vegas,"Vancouver, British Columbia, Canada"
1209,The Cove at Atlantis,"Washington, District of Columbia, United States"
1210,The Cove Eleuthera,"London, United Kingdom"
1211,The Crescent Hotel Fort Worth,"London, United Kingdom"
1212,The Datai Langkawi,"Yountville, California, United States"
1213,The David Kempinski Tel Aviv,"Killarney, Ireland"
1214,The Dewberry Charleston,"Banff, Alberta, Canada"
1215,The Dolder Grand,"Lake Louise, Alberta, Canada"
1216,THE DOLLI,"Whistler, British Columbia, Canada"
1217,The Dominick,"Seattle, Washington, United States"
1218,"the DOUGLAS, an Autograph Collection Hotel","Ballater, United Kingdom"
1219,The Dupont Circle,"New York, New York, United States"
1220,The Egerton House Hotel,"Rome, Italy"
1221,"The Emory, London","Hamburg, Germany"
1222,The Estate Yountville,"Singapore, Singapore"
1223,The Europe Hotel & Resort,"Singapore, Singapore"
1224,The Fairmont Banff Springs,"Sydney, Australia"
1225,The Fairmont Chateau Lake Louise,"Phoenix, Arizona, United States"
1226,The Fairmont Chateau Whistler,"Park City, Utah, United States"
1227,The Fairmont Olympic Hotel,"London, United Kingdom"
1228,The Fife Arms,"York, United Kingdom"
1229,The Fifth Avenue Hotel,"Greenough, Montana, United States"
1230,The First Roma Arte,"New York, New York, United States"
1231,The Fontenay Hamburg,"Venice, Italy"
1232,The Fullerton Bay Hotel Singapore,"Washington, District of Columbia, United States"
1233,The Fullerton Hotel Singapore,"Toronto, Ontario, Canada"
1234,The Fullerton Hotel Sydney,"Destin, Florida, United States"
1235,The Global Ambassador,"Nashville, Tennessee, United States"
1236,"The Goldener Hirsch, Auberge Resorts Collection","Hershey, Pennsylvania, United States"
1237,The Goring,"New Delhi, India"
1238,"The Grand, York","Los Olivos, California, United States"
1239,the green o,"Hilton Head Island, South Carolina, United States"
1240,The Greenwich Hotel,"Santa Fe, New Mexico, United States"
1241,"The Gritti Palace, a Luxury Collection Hotel, Venice","Aurora, New York, United States"
1242,The Hay-Adams,"Lisbon, Portugal"
1243,The Hazelton Hotel,"Tel Aviv, Israel"
1244,The Henderson Beach Resort & Spa,"Washington, District of Columbia, United States"
1245,The Hermitage Hotel Nashville,"Nashville, Tennessee, United States"
1246,The Hotel Hershey,"Dallas, Texas, United States"
1247,The Imperial New Delhi,"Honolulu, Hawaii, United States"
1248,"The Inn at Mattei's Tavern, Auberge Resorts Collection","Kildare, Ireland"
1249,The Inn & Club at Harbour Town at The Sea Pines Resort,"Killarney, Ireland"
1250,The Inn of the Five Graces,"Hong Kong, China"
1251,The Inns of Aurora,"London, United Kingdom"
1252,"The Ivens, Autograph Collection","Chengdu, China"
1253,"The Jaffa, a Luxury Collection Hotel, Tel Aviv","Boston, Massachusetts, United States"
1254,"The Jefferson, Washington, DC","Chicago, Illinois, United States"
1255,"The Joseph, a Luxury Collection Hotel, Nashville","Gold Coast, Australia"
1256,"The Joule, Dallas","Pasadena, California, United States"
1257,The Kahala Hotel & Resort,"London, United Kingdom"
1258,The K Club,"Melbourne, Australia"
1259,The Killarney Park,"New York, New York, United States"
1260,"The Landmark Mandarin Oriental, Hong Kong","Sydney, Australia"
1261,"The Lanesborough London, Oetker Collection","Jaipur, India"
1262,"The Langbo Chengdu, in the Unbound Collection by Hyatt","New Delhi, India"
1263,"The Langham, Boston","Udaipur, India"
1264,"The Langham, Chicago","Bali, Indonesia"
1265,"The Langham, Gold Coast & Jewel Residences managed by Langham","Aspen, Colorado, United States"
1266,"The Langham Huntington, Pasadena","Saint Simons Island, Georgia, United States"
1267,"The Langham, London","Stowe, Vermont, United States"
1268,"The Langham, Melbourne","San Diego, California, United States"
1269,"The Langham, New York, Fifth Avenue","New Delhi, India"
1270,"The Langham, Sydney","London, United Kingdom"
1271,The Leela Palace Jaipur,"London, United Kingdom"
1272,The Leela Palace New Delhi,"Macau, China"
1273,The Leela Palace Udaipur,"West Hollywood, California, United States"
1274,"The Legian Seminyak, Bali","Tucker's Town, Bermuda"
1275,The Little Nell,"Marananga, Australia"
1276,The Lodge at Sea Island,"New York, New York, United States"
1277,The Lodge at Spruce Peak,"Madrid, Spain"
1278,The Lodge at Torrey Pines,"Holderness, New Hampshire, United States"
1279,The Lodhi,"New York, New York, United States"
1280,The London EDITION,"Beverly Hills, California, United States"
1281,The Londoner,"Roquebrune-cap-martin, France"
1282,The Londoner Macao,"Dublin, Ireland"
1283,The London West Hollywood at Beverly Hills,"Miami Beach, Florida, United States"
1284,The Loren at Pink Beach,"Shanghai, China"
1285,The Louise,"London, United Kingdom"
1286,The Lowell,"Hong Kong, China"
1287,The Madrid EDITION,"Thiladhoo, Maldives"
1288,The Manor On Golden Pond,"London, United Kingdom"
1289,The Mark,"Boston, Massachusetts, United States"
1290,The Maybourne Beverly Hills,"New York, New York, United States"
1291,The Maybourne Riviera,"Portland, Oregon, United States"
1292,The Merrion Hotel,"Tel Aviv, Israel"
1293,The Miami Beach EDITION,"Ajman, United Arab Emirates"
1294,The Middle House,"Bali, Indonesia"
1295,The Milestone Hotel and Residences,"Terre Rouge, Mauritius"
1296,"The Murray, Hong Kong, a Niccolo Hotel","Marrakech, Morocco"
1297,The Nautilus Maldives,"Mumbai, India"
1298,The Ned London,"New Delhi, India"
1299,The Newbury Boston,"Jaipur, India"
1300,The New York EDITION,"Udaipur, India"
1301,"the Nines, a Luxury Collection Hotel, Portland","Giza, Egypt"
1302,The Norman Tel Aviv,"Nassau, Bahamas"
1303,"The Oberoi Beach Resort, Al Zorah","Tokyo, Japan"
1304,"The Oberoi Beach Resort, Bali","Dubai, United Arab Emirates"
1305,"The Oberoi Beach Resort, Mauritius","Providenciales, Turks And Caicos Islands"
1306,The Oberoi Marrakech,"Bangkok, Thailand"
1307,The Oberoi Mumbai,"Beijing, China"
1308,"The Oberoi, New Delhi","Beverly Hills, California, United States"
1309,"The Oberoi Rajvilas, Jaipur","Chicago, Illinois, United States"
1310,"The Oberoi Udaivilas, Udaipur","Hong Kong, China"
1311,"The Oberoi Zahra, Luxury Nile Cruise","Istanbul, Turkey"
1312,"The Ocean Club, A Four Seasons Resort, Bahamas","London, United Kingdom"
1313,The Okura Tokyo,"Makati, Philippines"
1314,The Palace Downtown Dubai,"New York, New York, United States"
1315,The Palms Turks & Caicos,"Paris, France"
1316,The Peninsula Bangkok,"Shanghai, China"
1317,The Peninsula Beijing,"Tokyo, Japan"
1318,The Peninsula Beverly Hills,"Floriana, Malta"
1319,The Peninsula Chicago,"Scottsdale, Arizona, United States"
1320,The Peninsula Hong Kong,"New York, New York, United States"
1321,The Peninsula Istanbul,"Florence, Italy"
1322,The Peninsula London,"New York, New York, United States"
1323,The Peninsula Manila,"Shanghai, China"
1324,The Peninsula New York,"Houston, Texas, United States"
1325,The Peninsula Paris,"Richmond, Rhode Island, United States"
1326,The Peninsula Shanghai,"Tokyo, Japan"
1327,The Peninsula Tokyo,"Shanghai, China"
1328,The Phoenicia Malta,"Beijing, China"
1329,"The Phoenician, a Luxury Collection Resort, Scottsdale","Laguna Beach, California, United States"
1330,"The Pierre, a Taj Hotel, New York","Nassau, Bahamas"
1331,The Place Firenze,"Cairns, Australia"
1332,The Plaza,"Newport Beach, California, United States"
1333,"The Portman Ritz-Carlton, Shanghai","Alajuela, Costa Rica"
1334,The Post Oak Hotel at Uptown Houston,"Reykjavík, Iceland"
1335,The Preserve Sporting Club & Resort,"Philadelphia, Pennsylvania, United States"
1336,"The Prince Gallery Tokyo Kioicho, a Luxury Collection Hotel","Tenerife, Spain"
1337,The PuLi Hotel and Spa Shanghai,"Amelia Island, Florida, United States"
1338,The PuXuan Hotel and Spa,"Palm Beach, Aruba"
1339,The Ranch at Laguna Beach,"Santa Barbara, California, United States"
1340,The Reef at Atlantis,"Beaver Creek, Colorado, United States"
1341,The Reef House Adults Retreat,"Bal Harbour, Florida, United States"
1342,The Resort at Pelican Hill,"Bali, Indonesia"
1343,"The Retreat Costa Rica, Wellness Resort & Spa","Beijing, China"
1344,The Reykjavik EDITION,"Berlin, Germany"
1345,The Rittenhouse,"Boston, Massachusetts, United States"
1346,"The Ritz-Carlton, Abama","Budapest, Hungary"
1347,"The Ritz-Carlton, Amelia Island","Chicago, Illinois, United States"
1348,"The Ritz-Carlton, Aruba","Irving, Texas, United States"
1349,"The Ritz-Carlton Bacara, Santa Barbara","Denver, Colorado, United States"
1350,"The Ritz-Carlton, Bachelor Gulch","Tucson, Arizona, United States"
1351,"The Ritz-Carlton Bal Harbour, Miami","Fort Lauderdale, Florida, United States"
1352,"The Ritz-Carlton, Bali","Washington, District of Columbia, United States"
1353,"The Ritz-Carlton Beijing, Financial Street","Grand Cayman, Cayman Islands"
1354,"The Ritz-Carlton, Berlin","Half Moon Bay, California, United States"
1355,"The Ritz-Carlton, Boston","Tel Aviv, Israel"
1356,"The Ritz-Carlton, Budapest","Hong Kong, China"
1357,The Ritz-Carlton Chicago,"Geneva, Switzerland"
1358,"The Ritz-Carlton Dallas, Las Colinas","Istanbul, Turkey"
1359,"The Ritz-Carlton, Denver","Miami, Florida, United States"
1360,"The Ritz-Carlton, Dove Mountain","Kyoto, Japan"
1361,"The Ritz-Carlton, Fort Lauderdale","Dana Point, California, United States"
1362,The Ritz-Carlton Georgetown Washington D.C.,"Truckee, California, United States"
1363,"The Ritz-Carlton, Grand Cayman","Male, Maldives"
1364,"The Ritz-Carlton, Half Moon Bay","Lahaina, Hawaii, United States"
1365,"The Ritz-Carlton, Herzliya","Melbourne, Australia"
1366,"The Ritz-Carlton, Hong Kong","Mexico City, Mexico"
1367,"The Ritz-Carlton Hotel de la Paix, Geneva","Singapore, Singapore"
1368,"The Ritz-Carlton, Istanbul","Naples, Florida, United States"
1369,"The Ritz-Carlton, Key Biscayne","Naples, Florida, United States"
1370,"The Ritz-Carlton, Kyoto","New Orleans, Louisiana, United States"
1371,"The Ritz-Carlton, Laguna Niguel","New York, New York, United States"
1372,"The Ritz-Carlton, Lake Tahoe","New York, New York, United States"
1373,"The Ritz-Carlton Maldives, Fari Islands","Nikko, Japan"
1374,"The Ritz-Carlton Maui, Kapalua","Kahuku, Hawaii, United States"
1375,"The Ritz-Carlton, Melbourne","Orlando, Florida, United States"
1376,"The Ritz-Carlton, Mexico City","Osaka, Japan"
1377,"The Ritz-Carlton, Millenia Singapore","Perth, Australia"
1378,"The Ritz-Carlton, Naples","Philadelphia, Pennsylvania, United States"
1379,"The Ritz-Carlton Naples, Tiburón","Rancho Mirage, California, United States"
1380,"The Ritz-Carlton, New Orleans","Greensboro, Georgia, United States"
1381,"The Ritz-Carlton New York, Central Park","San Francisco, California, United States"
1382,"The Ritz-Carlton New York, NoMad","Carolina, Puerto Rico"
1383,"The Ritz-Carlton, Nikko","Santiago, Chile"
1384,"The Ritz-Carlton Oahu, Turtle Bay","Sanya, China"
1385,"The Ritz-Carlton Orlando, Grande Lakes","Sarasota, Florida, United States"
1386,"The Ritz-Carlton, Osaka","Shanghai, China"
1387,"The Ritz-Carlton, Perth","Miami Beach, Florida, United States"
1388,"The Ritz-Carlton, Philadelphia","St. Thomas, U.S. Virgin Islands"
1389,"The Ritz-Carlton, Rancho Mirage","Tokyo, Japan"
1390,"The Ritz-Carlton Reynolds, Lake Oconee","Toronto, Ontario, Canada"
1391,"The Ritz-Carlton, San Francisco","Providenciales, Turks And Caicos Islands"
1392,"The Ritz-Carlton, San Juan","Vienna, Austria"
1393,"The Ritz-Carlton, Santiago","Washington, District of Columbia, United States"
1394,"The Ritz-Carlton Sanya, Yalong Bay","London, United Kingdom"
1395,"The Ritz-Carlton, Sarasota","Navarino, Greece"
1396,"The Ritz-Carlton Shanghai, Pudong","Rome, Italy"
1397,"The Ritz-Carlton, South Beach","New Orleans, Louisiana, United States"
1398,"The Ritz-Carlton, St. Thomas","Nassau, Bahamas"
1399,"The Ritz-Carlton, Tokyo","Bath, United Kingdom"
1400,"The Ritz-Carlton, Toronto","Honolulu, Hawaii, United States"
1401,"The Ritz-Carlton, Turks & Caicos","Livingstone, Zambia"
1402,"The Ritz-Carlton, Vienna","Melbourne, Australia"
1403,"The Ritz-Carlton, Washington, D.C.","Kuala Lumpur, Malaysia"
1404,The Ritz London,"Windermere, United Kingdom"
1405,"The Romanos, a Luxury Collection Resort, Costa Navarino","Kiawah Island, South Carolina, United States"
1406,The Rome EDITION,"Sanya, China"
1407,"The Roosevelt New Orleans, A Waldorf Astoria Hotel","London, United Kingdom"
1408,The Royal at Atlantis,"Oceanside, California, United States"
1409,The Royal Crescent Hotel & Spa,"Vail, Colorado, United States"
1410,"The Royal Hawaiian, a Luxury Collection Resort, Waikiki","Miami Beach, Florida, United States"
1411,The Royal Livingstone Anantara,"Shanghai, China"
1412,The Royce,"Dublin, Ireland"
1413,The RuMa Hotel and Residences,"Providenciales, Turks And Caicos Islands"
1414,The Samling Hotel,"Bangkok, Thailand"
1415,The Sanctuary at Kiawah Island Golf Resort,"Cape Town, South Africa"
1416,The Sanya EDITION,"Puerto Natales, Chile"
1417,"The Savoy, London","La Fortuna, Costa Rica"
1418,The Seabird Ocean Resort & Spa,"Aspen, Colorado, United States"
1419,The Sebastian - Vail - A Timbers Resort,"Atlanta, Georgia, United States"
1420,"The Setai, Miami Beach","Rio Grande, Puerto Rico"
1421,The Shanghai EDITION,"Bal Harbour, Florida, United States"
1422,The Shelbourne,"Bali, Indonesia"
1423,The Shore Club Turks and Caicos,"Bangkok, Thailand"
1424,The Siam,"St. George, Bermuda"
1425,The Silo Hotel,"Bora Bora, French Polynesia"
1426,"The Singular Patagonia, Chile","Chicago, Illinois, United States"
1427,The Springs Resort and Spa at Arenal,"Park City, Utah, United States"
1428,The St. Regis Aspen Resort,"Doha, Qatar"
1429,The St. Regis Atlanta,"Florence, Italy"
1430,"The St. Regis Bahia Beach Resort, Puerto Rico","Hong Kong, China"
1431,The St. Regis Bal Harbour Resort,"Houston, Texas, United States"
1432,The St. Regis Bali Resort,"Istanbul, Turkey"
1433,The St. Regis Bangkok,"Riviera Maya, Mexico"
1434,The St. Regis Bermuda Resort,"Macau, China"
1435,The St. Regis Bora Bora Resort,"Dhaalu Atoll, Maldives"
1436,The St. Regis Chicago,"Mexico City, Mexico"
1437,The St. Regis Deer Valley,"New York, New York, United States"
1438,The St. Regis Doha,"Chuo-ku, Osaka, Japan"
1439,The St. Regis Florence,"Punta Mita, Mexico"
1440,The St. Regis Hong Kong,"Rome, Italy"
1441,The St. Regis Houston,"Abu Dhabi, United Arab Emirates"
1442,The St. Regis Istanbul,"San Francisco, California, United States"
1443,"The St. Regis Kanai Resort, Riviera Maya","Singapore, Singapore"
1444,The St. Regis Macao,"Toronto, Ontario, Canada"
1445,The St. Regis Maldives Vommuli Resort,"Venice, Italy"
1446,The St. Regis Mexico City,"Washington, District of Columbia, United States"
1447,The St. Regis New York,"London, United Kingdom"
1448,The St. Regis Osaka,"Bangkok, Thailand"
1449,The St. Regis Punta Mita Resort,"Shanghai, China"
1450,The St. Regis Rome,"New York, New York, United States"
1451,"The St. Regis Saadiyat Island Resort, Abu Dhabi","Mumbai, India"
1452,The St. Regis San Francisco,"Tampa, Florida, United States"
1453,The St. Regis Singapore,"Hobart, Australia"
1454,The St. Regis Toronto,"Chengdu, China"
1455,The St. Regis Venice,"New York, New York, United States"
1456,"The St. Regis Washington, DC","Tokyo, Japan"
1457,The Stafford London,"New York, New York, United States"
1458,The Sukhothai Bangkok,"Cape Town, South Africa"
1459,The Sukhothai Shanghai,"Hong Kong, China"
1460,"The Surrey, A Corinthia Hotel New York","San Diego, California, United States"
1461,"The Taj Mahal Palace, Mumbai","Tunuyán, Argentina"
1462,The Tampa EDITION,"Tel Aviv, Israel"
1463,"The Tasman, a Luxury Collection Hotel","Wakaya Island, Fiji"
1464,The Temple House,"Dublin, Ireland"
1465,The Times Square EDITION,"West Hollywood, California, United States"
1466,"The Tokyo EDITION, Toranomon","Florence, Italy"
1467,The Towers at Lotte New York Palace,"Rome, Italy"
1468,The Twelve Apostles Hotel & Spa,"Madrid, Spain"
1469,"The Upper House, Hong Kong","Atlanta, Georgia, United States"
1470,"THE US GRANT, a Luxury Collection Hotel, San Diego","New Orleans, Louisiana, United States"
1471,The Vines Resort & Spa,"Geneva, Switzerland"
1472,The Vista at Hilton Tel Aviv,"Vila Nova De Gaia, Portugal"
1473,The Wakaya Club & Spa,"Atlanta, Georgia, United States"
1474,The Westbury,"Dallas, Texas, United States"
1475,The West Hollywood EDITION,"Nashville, Tennessee, United States"
1476,"The Westin Excelsior, Florence","San Antonio, Texas, United States"
1477,"The Westin Excelsior, Rome","Savannah, Georgia, United States"
1478,"The Westin Palace, Madrid","Seattle, Washington, United States"
1479,"The Whitley, A Luxury Collection Hotel, Atlanta Buckhead","Zihuatanejo, Mexico"
1480,The Windsor Court,"Livingstone, Zambia"
1481,"The Woodward, Oetker Collection","Zuers am Arlberg, Austria"
1482,The Yeatman,"San Pedro de Atacama, Chile"
1483,Thompson Buckhead,"Puno, Peru"
1484,Thompson Dallas,"Lisbon, Portugal"
1485,Thompson Nashville,"Punta Cana, Dominican Republic"
1486,Thompson San Antonio - Riverwalk,"Boca Raton, Florida, United States"
1487,Thompson Savannah,"Phuket, Thailand"
1488,Thompson Seattle,"Amenia, New York, United States"
1489,Thompson Zihuatanejo,"Barnard, Vermont, United States"
1490,Thorntree River Lodge,"Itacaré, Brazil"
1491,Thurnhers Alpenhof,"Yala, Sri Lanka"
1492,Tierra Atacama,"Jodhpur, India"
1493,Titilaka - Relais & Chateaux,"Melbourne, Australia"
1494,Tivoli Avenida Liberdade Lisbon,"Cambridge, United Kingdom"
1495,Tortuga Bay Puntacana,"Trancoso, Brazil"
1496,Tower at The Boca Raton,"Lisbon, Portugal"
1497,Trisara,"Sintra, Portugal"
1498,Troutbeck,"Newport, Rhode Island, United States"
1499,Twin Farms,"Santorini, Greece"
1500,Txai Resort Itacare,"Sciacca, Italy"
1501,Uga Chena Huts,"Chicago, Illinois, United States"
1502,Umaid Bhawan Palace,"San José del Cabo, Mexico"
1503,United Places Botanic Gardens,"Playa del Carmen, Mexico"
1504,"University Arms Hotel, Autograph Collection","Snowmass Village, Colorado, United States"
1505,UXUA Casa Hotel & Spa,"Interlaken, Switzerland"
1506,Valverde Lisboa Hotel & Garden – Relais & Châteaux,"Vidago, Portugal"
1507,Valverde Sintra Palácio de Seteais,"Reggello, Italy"
1508,"Vanderbilt, Auberge Resorts Collection","San Vicente, Chile"
1509,"Vedema, a Luxury Collection Resort, Santorini","Lagoa, Portugal"
1510,"Verdura Resort, a Rocco Forte Hotel","Rome, Italy"
1511,Viceroy Chicago,"Saint-martin-de-ré, France"
1512,Viceroy Los Cabos,"Florence, Italy"
1513,Viceroy Riviera Maya,"Verona, Italy"
1514,Viceroy Snowmass,"Stockholm, Sweden"
1515,VICTORIA-JUNGFRAU Grand Hotel & Spa,"Cernobbio - Lake Como, Italy"
1516,Vidago Palace,"Dubrovnik, Croatia"
1517,Viesca Toscana,"Merano, Italy"
1518,Vik Chile,"Stresa, Italy"
1519,Vila Vita Parc,"Positano, Italy"
1520,Villa Agrippina Gran Melia,"Aix-en-Provence, France"
1521,Villa Clarisse & Spa,"Palermo, Italy"
1522,Villa Cora,"Orebic, Croatia"
1523,"Villa Cordevigo Wine Relais, Verona","Le Puy-Sainte-Réparade, France"
1524,Villa Dagmar,"Florence, Italy"
1525,Villa d'Este,"Guanajuato, Mexico"
1526,Villa Dubrovnik,"Žman, Croatia"
1527,Villa Eden - The Private Retreat,"Lugano, Switzerland"
1528,Villa e Palazzo Aminta,"Forte Dei Marmi, Italy"
1529,Villa Franca Positano,"Florence, Italy"
1530,Villa Gallici,"Taormina, Italy"
1531,"Villa Igiea, a Rocco Forte Hotel","Positano, Italy"
1532,Villa Korta Katarina,"Vila Nova De Gaia, Portugal"
1533,Villa La Coste,"Venice, Italy"
1534,Villa La Massa,"Dallas, Texas, United States"
1535,Villa Maria Cristina,"Nashville, Tennessee, United States"
1536,Villa Nai 3.3,"Flims, Switzerland"
1537,Villa Principe Leopoldo,"Buergenstock, Switzerland"
1538,Villa Roma Imperiale,"Amsterdam, Netherlands"
1539,"Villa San Michele, A Belmond Hotel, Florence","Atlanta, Georgia, United States"
1540,"Villa Sant'Andrea, A Belmond Hotel, Taormina Mare","Bangkok, Thailand"
1541,Villa Treville,"Berlin, Germany"
1542,Vinha Boutique Hotel,"Beverly Hills, California, United States"
1543,Violino d'Oro,"Cancún, Mexico"
1544,Virgin Hotels Dallas,"Chicago, Illinois, United States"
1545,Virgin Hotels Nashville,"Jerusalem, Israel"
1546,Waldhaus Flims Wellness Resort,"Las Vegas, Nevada, United States"
1547,Waldhotel Health & Medical Excellence,"Cabo San Lucas, Mexico"
1548,Waldorf Astoria Amsterdam,"Dana Point, California, United States"
1549,Waldorf Astoria Atlanta Buckhead,"Orlando, Florida, United States"
1550,Waldorf Astoria Bangkok,"Panama City, Panama"
1551,Waldorf Astoria Berlin,"Park City, Utah, United States"
1552,Waldorf Astoria Beverly Hills,"Shanghai, China"
1553,Waldorf Astoria Cancun,"Versailles, France"
1554,Waldorf Astoria Chicago,"Washington, District of Columbia, United States"
1555,Waldorf Astoria Jerusalem,"Xiamen, China"
1556,Waldorf Astoria Las Vegas,"Albufeira, Portugal"
1557,Waldorf Astoria Los Cabos Pedregal,"Aspen, Colorado, United States"
1558,Waldorf Astoria Monarch Beach,"Santa Rosa Beach, Florida, United States"
1559,Waldorf Astoria Orlando,"Austin, Texas, United States"
1560,Waldorf Astoria Panama,"Bali, Indonesia"
1561,Waldorf Astoria Park City,"Barcelona, Spain"
1562,Waldorf Astoria Shanghai on the Bund,"Doha, Qatar"
1563,Waldorf Astoria Versailles - Trianon Palace,"Vancouver, British Columbia, Canada"
1564,Waldorf Astoria Washington DC,"Chatham, Massachusetts, United States"
1565,Waldorf Astoria Xiamen,"Featherston, New Zealand"
1566,W Algarve,"Kennebunk, Maine, United States"
1567,W Aspen & The Sky Residences at W Aspen,"Apollonía, Greece"
1568,WaterColor Inn,"Ibiza, Spain"
1569,W Austin,"Zurich, Switzerland"
1570,W Bali Seminyak,"Gardiner, New York, United States"
1571,W Barcelona,"Washington, District of Columbia, United States"
1572,W Doha Hotel,"Morris, Connecticut, United States"
1573,Wedgewood Hotel & Spa,"New Orleans, Louisiana, United States"
1574,Wequassett Resort and Golf Club,"New York, New York, United States"
1575,Wharekauhau Country Estate,"Chuo-ku, Osaka, Japan"
1576,"White Barn Inn, Auberge Resorts Collection","Rome, Italy"
1577,White Pebble Suites,"Santiago, Chile"
1578,W Ibiza,"Miami Beach, Florida, United States"
1579,Widder Hotel,"Providenciales, Turks And Caicos Islands"
1580,"Wildflower Farms, Auberge Resorts Collection","Las Vegas, Nevada, United States"
1581,"Willard InterContinental Washington, DC","Macau, China"
1582,Winvian Farm,"Boston, Massachusetts, United States"
1583,W New Orleans - French Quarter,"Boca Raton, Florida, United States"
1584,W New York - Union Square,"San José del Cabo, Mexico"
1585,W Osaka,"Chobe River, Botswana"
1586,W Rome,"Anguilla, Anguilla"
1587,W Santiago,"Charleston, South Carolina, United States"
